county,year,rainfall_mm,baseline_mm,rainfall_anomaly_pct,drought_classification,flood_risk_score,drought_months,source
Nairobi,1991,779.8,832,-6.3,Mild Drought,9.0,2,CHIRPS Simulated Data
Nairobi,1992,876.5,832,5.3,Normal,0.0,0,CHIRPS Simulated Data
Nairobi,1993,653.3,832,-21.5,Moderate Drought,7.3,3,CHIRPS Simulated Data
Nairobi,1994,929.6,832,11.7,Normal,0.0,1,CHIRPS Simulated Data
Nairobi,1995,985.8,832,18.5,Above Normal,0.0,0,CHIRPS Simulated Data
Nairobi,1996,714.3,832,-14.1,Moderate Drought,0.0,2,CHIRPS Simulated Data
Nairobi,1997,823.0,832,-1.1,Mild Drought,0.0,1,CHIRPS Simulated Data
Nairobi,1998,701.1,832,-15.7,Moderate Drought,0.0,2,CHIRPS Simulated Data
Nairobi,1999,839.8,832,0.9,Normal,5.7,0,CHIRPS Simulated Data
Nairobi,2000,868.1,832,4.3,Normal,1.9,0,CHIRPS Simulated Data
Nairobi,2001,911.8,832,9.6,Normal,0.0,0,CHIRPS Simulated Data
Nairobi,2002,1063.6,832,27.8,Above Normal,9.3,1,CHIRPS Simulated Data
Nairobi,2003,786.8,832,-5.4,Mild Drought,0.0,1,CHIRPS Simulated Data
Nairobi,2004,849.1,832,2.1,Normal,0.0,0,CHIRPS Simulated Data
Nairobi,2005,674.1,832,-19.0,Moderate Drought,8.2,3,CHIRPS Simulated Data
Nairobi,2006,953.6,832,14.6,Normal,0.0,1,CHIRPS Simulated Data
Nairobi,2007,905.9,832,8.9,Normal,0.0,1,CHIRPS Simulated Data
Nairobi,2008,1010.8,832,21.5,Above Normal,8.8,1,CHIRPS Simulated Data
Nairobi,2009,935.6,832,12.5,Normal,8.5,0,CHIRPS Simulated Data
Nairobi,2010,759.1,832,-8.8,Mild Drought,0.0,1,CHIRPS Simulated Data
Nairobi,2011,848.5,832,2.0,Normal,0.0,1,CHIRPS Simulated Data
Nairobi,2012,837.3,832,0.6,Normal,0.0,1,CHIRPS Simulated Data
Nairobi,2013,742.7,832,-10.7,Moderate Drought,6.0,1,CHIRPS Simulated Data
Nairobi,2014,1129.7,832,35.8,Above Normal,5.5,0,CHIRPS Simulated Data
Nairobi,2015,686.4,832,-17.5,Moderate Drought,6.3,3,CHIRPS Simulated Data
Nairobi,2016,1020.0,832,22.6,Above Normal,5.5,0,CHIRPS Simulated Data
Nairobi,2017,853.5,832,2.6,Normal,0.0,1,CHIRPS Simulated Data
Nairobi,2018,978.7,832,17.6,Above Normal,0.0,0,CHIRPS Simulated Data
Nairobi,2019,837.7,832,0.7,Normal,0.0,1,CHIRPS Simulated Data
Nairobi,2020,992.4,832,19.3,Above Normal,7.8,0,CHIRPS Simulated Data
Nairobi,2021,754.6,832,-9.3,Mild Drought,4.3,2,CHIRPS Simulated Data
Nairobi,2022,963.8,832,15.8,Above Normal,5.4,0,CHIRPS Simulated Data
Nairobi,2023,949.2,832,14.1,Normal,0.0,0,CHIRPS Simulated Data
Nairobi,2024,757.2,832,-9.0,Mild Drought,0.0,2,CHIRPS Simulated Data
Mombasa,1991,1016.0,1120,-9.3,Mild Drought,0.2,2,CHIRPS Simulated Data
Mombasa,1992,983.5,1120,-12.2,Moderate Drought,0.0,2,CHIRPS Simulated Data
Mombasa,1993,975.9,1120,-12.9,Moderate Drought,0.0,2,CHIRPS Simulated Data
Mombasa,1994,941.4,1120,-15.9,Moderate Drought,8.6,3,CHIRPS Simulated Data
Mombasa,1995,1213.8,1120,8.4,Normal,7.4,1,CHIRPS Simulated Data
Mombasa,1996,963.4,1120,-14.0,Moderate Drought,7.8,2,CHIRPS Simulated Data
Mombasa,1997,1323.2,1120,18.1,Above Normal,7.9,0,CHIRPS Simulated Data
Mombasa,1998,926.9,1120,-17.2,Moderate Drought,0.0,3,CHIRPS Simulated Data
Mombasa,1999,1339.6,1120,19.6,Above Normal,7.2,0,CHIRPS Simulated Data
Mombasa,2000,1166.6,1120,4.2,Normal,0.0,0,CHIRPS Simulated Data
Mombasa,2001,943.4,1120,-15.8,Moderate Drought,0.0,3,CHIRPS Simulated Data
Mombasa,2002,1065.9,1120,-4.8,Mild Drought,0.4,1,CHIRPS Simulated Data
Mombasa,2003,1093.7,1120,-2.3,Mild Drought,9.4,1,CHIRPS Simulated Data
Mombasa,2004,1032.0,1120,-7.9,Mild Drought,0.0,1,CHIRPS Simulated Data
Mombasa,2005,1055.5,1120,-5.8,Mild Drought,0.0,1,CHIRPS Simulated Data
Mombasa,2006,1188.8,1120,6.1,Normal,0.0,0,CHIRPS Simulated Data
Mombasa,2007,1434.9,1120,28.1,Above Normal,0.0,0,CHIRPS Simulated Data
Mombasa,2008,1189.9,1120,6.2,Normal,9.7,0,CHIRPS Simulated Data
Mombasa,2009,1304.0,1120,16.4,Above Normal,5.2,0,CHIRPS Simulated Data
Mombasa,2010,1342.6,1120,19.9,Above Normal,0.0,1,CHIRPS Simulated Data
Mombasa,2011,1290.4,1120,15.2,Above Normal,0.7,0,CHIRPS Simulated Data
Mombasa,2012,1417.6,1120,26.6,Above Normal,0.0,0,CHIRPS Simulated Data
Mombasa,2013,938.8,1120,-16.2,Moderate Drought,1.8,3,CHIRPS Simulated Data
Mombasa,2014,927.4,1120,-17.2,Moderate Drought,0.2,2,CHIRPS Simulated Data
Mombasa,2015,1316.6,1120,17.6,Above Normal,0.0,1,CHIRPS Simulated Data
Mombasa,2016,1162.2,1120,3.8,Normal,8.7,0,CHIRPS Simulated Data
Mombasa,2017,1138.2,1120,1.6,Normal,0.0,1,CHIRPS Simulated Data
Mombasa,2018,1475.1,1120,31.7,Above Normal,0.0,1,CHIRPS Simulated Data
Mombasa,2019,1443.0,1120,28.8,Above Normal,1.1,1,CHIRPS Simulated Data
Mombasa,2020,1088.6,1120,-2.8,Mild Drought,0.0,1,CHIRPS Simulated Data
Mombasa,2021,1505.5,1120,34.4,Above Normal,2.7,0,CHIRPS Simulated Data
Mombasa,2022,1164.0,1120,3.9,Normal,4.5,1,CHIRPS Simulated Data
Mombasa,2023,1507.9,1120,34.6,Above Normal,5.6,1,CHIRPS Simulated Data
Mombasa,2024,1004.2,1120,-10.3,Moderate Drought,0.0,2,CHIRPS Simulated Data
Kisumu,1991,1643.0,1560,5.3,Normal,0.0,0,CHIRPS Simulated Data
Kisumu,1992,1694.3,1560,8.6,Normal,0.0,0,CHIRPS Simulated Data
Kisumu,1993,1610.8,1560,3.3,Normal,3.8,1,CHIRPS Simulated Data
Kisumu,1994,1361.1,1560,-12.8,Moderate Drought,4.2,2,CHIRPS Simulated Data
Kisumu,1995,1446.6,1560,-7.3,Mild Drought,4.9,2,CHIRPS Simulated Data
Kisumu,1996,1869.0,1560,19.8,Above Normal,3.2,1,CHIRPS Simulated Data
Kisumu,1997,1272.9,1560,-18.4,Moderate Drought,0.0,3,CHIRPS Simulated Data
Kisumu,1998,1398.4,1560,-10.4,Moderate Drought,9.5,2,CHIRPS Simulated Data
Kisumu,1999,1925.5,1560,23.4,Above Normal,2.6,1,CHIRPS Simulated Data
Kisumu,2000,1618.3,1560,3.7,Normal,1.5,0,CHIRPS Simulated Data
Kisumu,2001,1375.2,1560,-11.8,Moderate Drought,4.4,2,CHIRPS Simulated Data
Kisumu,2002,1241.3,1560,-20.4,Moderate Drought,2.9,3,CHIRPS Simulated Data
Kisumu,2003,1994.9,1560,27.9,Above Normal,9.1,1,CHIRPS Simulated Data
Kisumu,2004,1534.6,1560,-1.6,Mild Drought,0.0,1,CHIRPS Simulated Data
Kisumu,2005,1588.2,1560,1.8,Normal,9.3,1,CHIRPS Simulated Data
Kisumu,2006,1945.5,1560,24.7,Above Normal,0.0,0,CHIRPS Simulated Data
Kisumu,2007,1951.3,1560,25.1,Above Normal,0.0,0,CHIRPS Simulated Data
Kisumu,2008,1713.4,1560,9.8,Normal,8.7,1,CHIRPS Simulated Data
Kisumu,2009,1730.9,1560,11.0,Normal,0.0,1,CHIRPS Simulated Data
Kisumu,2010,2089.9,1560,34.0,Above Normal,0.0,1,CHIRPS Simulated Data
Kisumu,2011,2002.7,1560,28.4,Above Normal,4.8,1,CHIRPS Simulated Data
Kisumu,2012,1862.2,1560,19.4,Above Normal,0.0,0,CHIRPS Simulated Data
Kisumu,2013,1959.8,1560,25.6,Above Normal,6.2,1,CHIRPS Simulated Data
Kisumu,2014,2055.5,1560,31.8,Above Normal,0.2,1,CHIRPS Simulated Data
Kisumu,2015,1964.8,1560,25.9,Above Normal,3.0,1,CHIRPS Simulated Data
Kisumu,2016,1969.8,1560,26.3,Above Normal,7.8,0,CHIRPS Simulated Data
Kisumu,2017,1615.1,1560,3.5,Normal,0.0,1,CHIRPS Simulated Data
Kisumu,2018,1327.4,1560,-14.9,Moderate Drought,0.0,2,CHIRPS Simulated Data
Kisumu,2019,1549.6,1560,-0.7,Mild Drought,1.8,0,CHIRPS Simulated Data
Kisumu,2020,1338.2,1560,-14.2,Moderate Drought,6.4,2,CHIRPS Simulated Data
Kisumu,2021,1421.4,1560,-8.9,Mild Drought,0.4,2,CHIRPS Simulated Data
Kisumu,2022,1504.3,1560,-3.6,Mild Drought,2.5,1,CHIRPS Simulated Data
Kisumu,2023,1365.2,1560,-12.5,Moderate Drought,0.6,2,CHIRPS Simulated Data
Kisumu,2024,1887.3,1560,21.0,Above Normal,4.5,1,CHIRPS Simulated Data
Nakuru,1991,988.0,980,0.8,Normal,0.0,1,CHIRPS Simulated Data
Nakuru,1992,871.2,980,-11.1,Moderate Drought,0.0,1,CHIRPS Simulated Data
Nakuru,1993,753.4,980,-23.1,Moderate Drought,9.2,4,CHIRPS Simulated Data
Nakuru,1994,1088.9,980,11.1,Normal,0.0,0,CHIRPS Simulated Data
Nakuru,1995,824.6,980,-15.9,Moderate Drought,0.0,3,CHIRPS Simulated Data
Nakuru,1996,1106.9,980,12.9,Normal,3.2,0,CHIRPS Simulated Data
Nakuru,1997,1231.8,980,25.7,Above Normal,4.8,1,CHIRPS Simulated Data
Nakuru,1998,1063.7,980,8.5,Normal,0.0,0,CHIRPS Simulated Data
Nakuru,1999,938.5,980,-4.2,Mild Drought,5.2,1,CHIRPS Simulated Data
Nakuru,2000,820.4,980,-16.3,Moderate Drought,0.0,2,CHIRPS Simulated Data
Nakuru,2001,1200.3,980,22.5,Above Normal,4.1,0,CHIRPS Simulated Data
Nakuru,2002,817.4,980,-16.6,Moderate Drought,0.0,3,CHIRPS Simulated Data
Nakuru,2003,859.2,980,-12.3,Moderate Drought,0.0,2,CHIRPS Simulated Data
Nakuru,2004,1090.7,980,11.3,Normal,2.7,0,CHIRPS Simulated Data
Nakuru,2005,970.0,980,-1.0,Mild Drought,2.5,1,CHIRPS Simulated Data
Nakuru,2006,1224.0,980,24.9,Above Normal,3.2,0,CHIRPS Simulated Data
Nakuru,2007,818.8,980,-16.4,Moderate Drought,2.8,2,CHIRPS Simulated Data
Nakuru,2008,1091.5,980,11.4,Normal,8.8,1,CHIRPS Simulated Data
Nakuru,2009,991.8,980,1.2,Normal,2.9,0,CHIRPS Simulated Data
Nakuru,2010,1078.5,980,10.1,Normal,8.8,0,CHIRPS Simulated Data
Nakuru,2011,1302.5,980,32.9,Above Normal,8.1,0,CHIRPS Simulated Data
Nakuru,2012,833.6,980,-14.9,Moderate Drought,0.0,2,CHIRPS Simulated Data
Nakuru,2013,850.0,980,-13.3,Moderate Drought,3.6,2,CHIRPS Simulated Data
Nakuru,2014,973.3,980,-0.7,Mild Drought,6.9,0,CHIRPS Simulated Data
Nakuru,2015,1243.0,980,26.8,Above Normal,0.0,0,CHIRPS Simulated Data
Nakuru,2016,1184.0,980,20.8,Above Normal,2.6,1,CHIRPS Simulated Data
Nakuru,2017,1209.1,980,23.4,Above Normal,6.1,0,CHIRPS Simulated Data
Nakuru,2018,910.7,980,-7.1,Mild Drought,5.0,2,CHIRPS Simulated Data
Nakuru,2019,1357.0,980,38.5,Above Normal,0.0,0,CHIRPS Simulated Data
Nakuru,2020,1244.8,980,27.0,Above Normal,0.0,1,CHIRPS Simulated Data
Nakuru,2021,1294.3,980,32.1,Above Normal,0.0,1,CHIRPS Simulated Data
Nakuru,2022,1241.7,980,26.7,Above Normal,0.0,1,CHIRPS Simulated Data
Nakuru,2023,1108.3,980,13.1,Normal,6.5,0,CHIRPS Simulated Data
Nakuru,2024,1328.7,980,35.6,Above Normal,0.0,0,CHIRPS Simulated Data
Eldoret,1991,1262.8,1050,20.3,Above Normal,0.0,0,CHIRPS Simulated Data
Eldoret,1992,1291.4,1050,23.0,Above Normal,9.0,1,CHIRPS Simulated Data
Eldoret,1993,1128.2,1050,7.4,Normal,0.0,0,CHIRPS Simulated Data
Eldoret,1994,971.6,1050,-7.5,Mild Drought,3.4,2,CHIRPS Simulated Data
Eldoret,1995,1222.3,1050,16.4,Above Normal,5.8,0,CHIRPS Simulated Data
Eldoret,1996,1068.0,1050,1.7,Normal,0.0,1,CHIRPS Simulated Data
Eldoret,1997,1043.8,1050,-0.6,Mild Drought,7.8,0,CHIRPS Simulated Data
Eldoret,1998,872.7,1050,-16.9,Moderate Drought,0.0,3,CHIRPS Simulated Data
Eldoret,1999,1147.7,1050,9.3,Normal,0.0,0,CHIRPS Simulated Data
Eldoret,2000,1197.1,1050,14.0,Normal,0.0,1,CHIRPS Simulated Data
Eldoret,2001,1204.6,1050,14.7,Normal,0.0,0,CHIRPS Simulated Data
Eldoret,2002,1362.9,1050,29.8,Above Normal,0.0,0,CHIRPS Simulated Data
Eldoret,2003,1272.5,1050,21.2,Above Normal,9.0,1,CHIRPS Simulated Data
Eldoret,2004,1244.5,1050,18.5,Above Normal,0.0,0,CHIRPS Simulated Data
Eldoret,2005,1262.5,1050,20.2,Above Normal,1.2,0,CHIRPS Simulated Data
Eldoret,2006,1339.1,1050,27.5,Above Normal,0.0,0,CHIRPS Simulated Data
Eldoret,2007,844.2,1050,-19.6,Moderate Drought,0.0,3,CHIRPS Simulated Data
Eldoret,2008,907.7,1050,-13.6,Moderate Drought,0.0,2,CHIRPS Simulated Data
Eldoret,2009,1264.1,1050,20.4,Above Normal,1.7,1,CHIRPS Simulated Data
Eldoret,2010,1059.1,1050,0.9,Normal,0.0,1,CHIRPS Simulated Data
Eldoret,2011,977.3,1050,-6.9,Mild Drought,9.3,1,CHIRPS Simulated Data
Eldoret,2012,1405.6,1050,33.9,Above Normal,0.0,1,CHIRPS Simulated Data
Eldoret,2013,1158.2,1050,10.3,Normal,9.9,0,CHIRPS Simulated Data
Eldoret,2014,1177.5,1050,12.1,Normal,9.4,1,CHIRPS Simulated Data
Eldoret,2015,1225.3,1050,16.7,Above Normal,3.9,0,CHIRPS Simulated Data
Eldoret,2016,1228.7,1050,17.0,Above Normal,1.7,1,CHIRPS Simulated Data
Eldoret,2017,895.7,1050,-14.7,Moderate Drought,0.0,3,CHIRPS Simulated Data
Eldoret,2018,1390.4,1050,32.4,Above Normal,0.0,1,CHIRPS Simulated Data
Eldoret,2019,1037.6,1050,-1.2,Mild Drought,0.0,1,CHIRPS Simulated Data
Eldoret,2020,1085.9,1050,3.4,Normal,1.7,0,CHIRPS Simulated Data
Eldoret,2021,1454.9,1050,38.6,Above Normal,9.8,1,CHIRPS Simulated Data
Eldoret,2022,1201.5,1050,14.4,Normal,0.0,1,CHIRPS Simulated Data
Eldoret,2023,1293.8,1050,23.2,Above Normal,0.0,1,CHIRPS Simulated Data
Eldoret,2024,1380.3,1050,31.5,Above Normal,9.0,1,CHIRPS Simulated Data
Garissa,1991,295.9,280,5.7,Normal,0.0,1,CHIRPS Simulated Data
Garissa,1992,332.6,280,18.8,Above Normal,0.0,0,CHIRPS Simulated Data
Garissa,1993,264.8,280,-5.4,Mild Drought,6.2,2,CHIRPS Simulated Data
Garissa,1994,233.8,280,-16.5,Moderate Drought,1.8,2,CHIRPS Simulated Data
Garissa,1995,351.3,280,25.5,Above Normal,6.9,1,CHIRPS Simulated Data
Garissa,1996,281.1,280,0.4,Normal,0.0,0,CHIRPS Simulated Data
Garissa,1997,223.1,280,-20.3,Moderate Drought,7.2,3,CHIRPS Simulated Data
Garissa,1998,359.8,280,28.5,Above Normal,10.0,1,CHIRPS Simulated Data
Garissa,1999,327.8,280,17.1,Above Normal,9.0,1,CHIRPS Simulated Data
Garissa,2000,253.4,280,-9.5,Mild Drought,0.0,1,CHIRPS Simulated Data
Garissa,2001,357.3,280,27.6,Above Normal,2.2,0,CHIRPS Simulated Data
Garissa,2002,317.4,280,13.4,Normal,2.4,0,CHIRPS Simulated Data
Garissa,2003,236.7,280,-15.5,Moderate Drought,3.4,2,CHIRPS Simulated Data
Garissa,2004,334.7,280,19.5,Above Normal,0.5,1,CHIRPS Simulated Data
Garissa,2005,303.4,280,8.4,Normal,1.2,1,CHIRPS Simulated Data
Garissa,2006,282.5,280,0.9,Normal,0.0,0,CHIRPS Simulated Data
Garissa,2007,335.9,280,20.0,Above Normal,2.5,1,CHIRPS Simulated Data
Garissa,2008,256.1,280,-8.5,Mild Drought,0.0,1,CHIRPS Simulated Data
Garissa,2009,277.7,280,-0.8,Mild Drought,1.8,0,CHIRPS Simulated Data
Garissa,2010,291.9,280,4.2,Normal,8.1,0,CHIRPS Simulated Data
Garissa,2011,304.5,280,8.8,Normal,5.7,0,CHIRPS Simulated Data
Garissa,2012,322.0,280,15.0,Above Normal,7.3,1,CHIRPS Simulated Data
Garissa,2013,250.9,280,-10.4,Moderate Drought,8.5,2,CHIRPS Simulated Data
Garissa,2014,268.8,280,-4.0,Mild Drought,0.0,1,CHIRPS Simulated Data
Garissa,2015,305.7,280,9.2,Normal,0.0,1,CHIRPS Simulated Data
Garissa,2016,268.0,280,-4.3,Mild Drought,0.0,1,CHIRPS Simulated Data
Garissa,2017,251.6,280,-10.1,Moderate Drought,0.0,1,CHIRPS Simulated Data
Garissa,2018,332.1,280,18.6,Above Normal,0.0,0,CHIRPS Simulated Data
Garissa,2019,373.1,280,33.3,Above Normal,0.0,1,CHIRPS Simulated Data
Garissa,2020,261.3,280,-6.7,Mild Drought,0.0,1,CHIRPS Simulated Data
Garissa,2021,261.7,280,-6.5,Mild Drought,0.0,1,CHIRPS Simulated Data
Garissa,2022,250.0,280,-10.7,Moderate Drought,0.0,2,CHIRPS Simulated Data
Garissa,2023,269.5,280,-3.8,Mild Drought,0.0,1,CHIRPS Simulated Data
Garissa,2024,347.1,280,24.0,Above Normal,0.0,1,CHIRPS Simulated Data
Turkana,1991,191.5,180,6.4,Normal,0.0,1,CHIRPS Simulated Data
Turkana,1992,218.8,180,21.6,Above Normal,0.0,0,CHIRPS Simulated Data
Turkana,1993,209.2,180,16.2,Above Normal,5.1,0,CHIRPS Simulated Data
Turkana,1994,155.7,180,-13.5,Moderate Drought,0.0,2,CHIRPS Simulated Data
Turkana,1995,193.7,180,7.6,Normal,0.0,0,CHIRPS Simulated Data
Turkana,1996,206.3,180,14.6,Normal,0.0,0,CHIRPS Simulated Data
Turkana,1997,204.0,180,13.3,Normal,8.0,1,CHIRPS Simulated Data
Turkana,1998,188.0,180,4.4,Normal,0.0,0,CHIRPS Simulated Data
Turkana,1999,188.8,180,4.9,Normal,0.0,0,CHIRPS Simulated Data
Turkana,2000,175.0,180,-2.8,Mild Drought,0.0,1,CHIRPS Simulated Data
Turkana,2001,160.2,180,-11.0,Moderate Drought,0.0,1,CHIRPS Simulated Data
Turkana,2002,224.6,180,24.8,Above Normal,2.0,1,CHIRPS Simulated Data
Turkana,2003,215.9,180,19.9,Above Normal,0.1,0,CHIRPS Simulated Data
Turkana,2004,192.9,180,7.2,Normal,1.8,1,CHIRPS Simulated Data
Turkana,2005,183.6,180,2.0,Normal,0.0,0,CHIRPS Simulated Data
Turkana,2006,177.7,180,-1.3,Mild Drought,2.9,1,CHIRPS Simulated Data
Turkana,2007,177.7,180,-1.3,Mild Drought,9.7,1,CHIRPS Simulated Data
Turkana,2008,167.0,180,-7.2,Mild Drought,0.0,1,CHIRPS Simulated Data
Turkana,2009,168.5,180,-6.4,Mild Drought,0.0,1,CHIRPS Simulated Data
Turkana,2010,172.9,180,-3.9,Mild Drought,0.0,1,CHIRPS Simulated Data
Turkana,2011,153.6,180,-14.7,Moderate Drought,0.4,2,CHIRPS Simulated Data
Turkana,2012,242.2,180,34.6,Above Normal,0.0,0,CHIRPS Simulated Data
Turkana,2013,241.8,180,34.3,Above Normal,7.5,1,CHIRPS Simulated Data
Turkana,2014,172.8,180,-4.0,Mild Drought,0.0,1,CHIRPS Simulated Data
Turkana,2015,239.6,180,33.1,Above Normal,1.3,1,CHIRPS Simulated Data
Turkana,2016,176.2,180,-2.1,Mild Drought,5.4,0,CHIRPS Simulated Data
Turkana,2017,181.2,180,0.7,Normal,0.0,1,CHIRPS Simulated Data
Turkana,2018,173.8,180,-3.4,Mild Drought,0.0,1,CHIRPS Simulated Data
Turkana,2019,179.0,180,-0.6,Mild Drought,1.6,0,CHIRPS Simulated Data
Turkana,2020,199.0,180,10.6,Normal,0.7,0,CHIRPS Simulated Data
Turkana,2021,185.1,180,2.8,Normal,0.0,0,CHIRPS Simulated Data
Turkana,2022,251.9,180,39.9,Above Normal,0.0,1,CHIRPS Simulated Data
Turkana,2023,178.1,180,-1.1,Mild Drought,3.6,1,CHIRPS Simulated Data
Turkana,2024,213.5,180,18.6,Above Normal,0.0,0,CHIRPS Simulated Data
Marsabit,1991,388.3,420,-7.5,Mild Drought,8.6,2,CHIRPS Simulated Data
Marsabit,1992,519.7,420,23.7,Above Normal,0.0,1,CHIRPS Simulated Data
Marsabit,1993,516.1,420,22.9,Above Normal,0.0,0,CHIRPS Simulated Data
Marsabit,1994,476.3,420,13.4,Normal,1.5,1,CHIRPS Simulated Data
Marsabit,1995,349.9,420,-16.7,Moderate Drought,5.9,2,CHIRPS Simulated Data
Marsabit,1996,356.4,420,-15.1,Moderate Drought,0.0,3,CHIRPS Simulated Data
Marsabit,1997,465.6,420,10.9,Normal,0.5,0,CHIRPS Simulated Data
Marsabit,1998,513.2,420,22.2,Above Normal,0.0,1,CHIRPS Simulated Data
Marsabit,1999,420.2,420,0.0,Normal,0.0,0,CHIRPS Simulated Data
Marsabit,2000,391.9,420,-6.7,Mild Drought,4.9,1,CHIRPS Simulated Data
Marsabit,2001,378.3,420,-9.9,Mild Drought,8.0,2,CHIRPS Simulated Data
Marsabit,2002,448.0,420,6.7,Normal,8.1,1,CHIRPS Simulated Data
Marsabit,2003,355.8,420,-15.3,Moderate Drought,8.8,3,CHIRPS Simulated Data
Marsabit,2004,405.4,420,-3.5,Mild Drought,0.0,1,CHIRPS Simulated Data
Marsabit,2005,470.1,420,11.9,Normal,0.7,1,CHIRPS Simulated Data
Marsabit,2006,509.4,420,21.3,Above Normal,0.0,0,CHIRPS Simulated Data
Marsabit,2007,390.7,420,-7.0,Mild Drought,4.9,1,CHIRPS Simulated Data
Marsabit,2008,464.2,420,10.5,Normal,5.3,1,CHIRPS Simulated Data
Marsabit,2009,414.7,420,-1.3,Mild Drought,6.4,0,CHIRPS Simulated Data
Marsabit,2010,530.2,420,26.2,Above Normal,0.0,0,CHIRPS Simulated Data
Marsabit,2011,521.0,420,24.0,Above Normal,0.0,0,CHIRPS Simulated Data
Marsabit,2012,505.9,420,20.5,Above Normal,4.4,1,CHIRPS Simulated Data
Marsabit,2013,501.3,420,19.4,Above Normal,0.9,0,CHIRPS Simulated Data
Marsabit,2014,423.3,420,0.8,Normal,0.0,1,CHIRPS Simulated Data
Marsabit,2015,479.5,420,14.2,Normal,0.0,0,CHIRPS Simulated Data
Marsabit,2016,565.3,420,34.6,Above Normal,0.0,1,CHIRPS Simulated Data
Marsabit,2017,465.0,420,10.7,Normal,2.3,0,CHIRPS Simulated Data
Marsabit,2018,551.9,420,31.4,Above Normal,8.7,1,CHIRPS Simulated Data
Marsabit,2019,513.0,420,22.1,Above Normal,8.5,1,CHIRPS Simulated Data
Marsabit,2020,387.3,420,-7.8,Mild Drought,1.5,2,CHIRPS Simulated Data
Marsabit,2021,452.6,420,7.8,Normal,4.7,1,CHIRPS Simulated Data
Marsabit,2022,572.5,420,36.3,Above Normal,0.0,0,CHIRPS Simulated Data
Marsabit,2023,588.6,420,40.1,Above Normal,6.9,0,CHIRPS Simulated Data
Marsabit,2024,575.5,420,37.0,Above Normal,7.5,1,CHIRPS Simulated Data
Mandera,1991,230.0,220,4.5,Normal,0.0,0,CHIRPS Simulated Data
Mandera,1992,202.7,220,-7.9,Mild Drought,6.0,1,CHIRPS Simulated Data
Mandera,1993,203.3,220,-7.6,Mild Drought,0.0,1,CHIRPS Simulated Data
Mandera,1994,269.4,220,22.5,Above Normal,0.0,0,CHIRPS Simulated Data
Mandera,1995,250.1,220,13.7,Normal,0.0,0,CHIRPS Simulated Data
Mandera,1996,219.1,220,-0.4,Mild Drought,0.0,0,CHIRPS Simulated Data
Mandera,1997,225.1,220,2.3,Normal,0.0,1,CHIRPS Simulated Data
Mandera,1998,210.6,220,-4.3,Mild Drought,1.6,1,CHIRPS Simulated Data
Mandera,1999,171.8,220,-21.9,Moderate Drought,3.2,3,CHIRPS Simulated Data
Mandera,2000,280.5,220,27.5,Above Normal,0.0,0,CHIRPS Simulated Data
Mandera,2001,181.4,220,-17.5,Moderate Drought,9.9,3,CHIRPS Simulated Data
Mandera,2002,240.6,220,9.4,Normal,0.0,1,CHIRPS Simulated Data
Mandera,2003,197.1,220,-10.4,Moderate Drought,7.9,2,CHIRPS Simulated Data
Mandera,2004,195.6,220,-11.1,Moderate Drought,0.0,2,CHIRPS Simulated Data
Mandera,2005,239.9,220,9.0,Normal,0.0,1,CHIRPS Simulated Data
Mandera,2006,227.8,220,3.5,Normal,0.5,0,CHIRPS Simulated Data
Mandera,2007,222.5,220,1.1,Normal,1.2,0,CHIRPS Simulated Data
Mandera,2008,197.6,220,-10.2,Moderate Drought,7.2,2,CHIRPS Simulated Data
Mandera,2009,220.9,220,0.4,Normal,0.0,1,CHIRPS Simulated Data
Mandera,2010,225.9,220,2.7,Normal,0.0,0,CHIRPS Simulated Data
Mandera,2011,263.3,220,19.7,Above Normal,3.3,0,CHIRPS Simulated Data
Mandera,2012,205.3,220,-6.7,Mild Drought,0.0,2,CHIRPS Simulated Data
Mandera,2013,181.9,220,-17.3,Moderate Drought,0.0,3,CHIRPS Simulated Data
Mandera,2014,201.6,220,-8.4,Mild Drought,3.0,1,CHIRPS Simulated Data
Mandera,2015,192.8,220,-12.4,Moderate Drought,0.0,2,CHIRPS Simulated Data
Mandera,2016,285.0,220,29.5,Above Normal,6.7,0,CHIRPS Simulated Data
Mandera,2017,263.3,220,19.7,Above Normal,0.0,0,CHIRPS Simulated Data
Mandera,2018,292.1,220,32.8,Above Normal,0.0,0,CHIRPS Simulated Data
Mandera,2019,208.9,220,-5.0,Mild Drought,0.0,1,CHIRPS Simulated Data
Mandera,2020,255.7,220,16.2,Above Normal,0.0,1,CHIRPS Simulated Data
Mandera,2021,285.5,220,29.8,Above Normal,0.0,0,CHIRPS Simulated Data
Mandera,2022,232.4,220,5.6,Normal,1.8,0,CHIRPS Simulated Data
Mandera,2023,263.6,220,19.8,Above Normal,0.0,1,CHIRPS Simulated Data
Mandera,2024,241.1,220,9.6,Normal,0.0,1,CHIRPS Simulated Data
Wajir,1991,271.6,240,13.2,Normal,0.0,1,CHIRPS Simulated Data
Wajir,1992,239.4,240,-0.2,Mild Drought,7.9,1,CHIRPS Simulated Data
Wajir,1993,232.9,240,-3.0,Mild Drought,0.0,1,CHIRPS Simulated Data
Wajir,1994,247.9,240,3.3,Normal,2.7,0,CHIRPS Simulated Data
Wajir,1995,199.9,240,-16.7,Moderate Drought,6.6,3,CHIRPS Simulated Data
Wajir,1996,247.9,240,3.3,Normal,0.0,0,CHIRPS Simulated Data
Wajir,1997,186.6,240,-22.3,Moderate Drought,8.2,3,CHIRPS Simulated Data
Wajir,1998,256.2,240,6.7,Normal,0.0,1,CHIRPS Simulated Data
Wajir,1999,266.4,240,11.0,Normal,6.6,0,CHIRPS Simulated Data
Wajir,2000,187.8,240,-21.7,Moderate Drought,0.0,4,CHIRPS Simulated Data
Wajir,2001,296.3,240,23.5,Above Normal,2.0,1,CHIRPS Simulated Data
Wajir,2002,271.2,240,13.0,Normal,0.0,1,CHIRPS Simulated Data
Wajir,2003,241.3,240,0.5,Normal,0.0,1,CHIRPS Simulated Data
Wajir,2004,195.3,240,-18.6,Moderate Drought,0.0,3,CHIRPS Simulated Data
Wajir,2005,200.6,240,-16.4,Moderate Drought,2.0,2,CHIRPS Simulated Data
Wajir,2006,240.3,240,0.1,Normal,0.0,0,CHIRPS Simulated Data
Wajir,2007,283.3,240,18.0,Above Normal,0.0,1,CHIRPS Simulated Data
Wajir,2008,253.3,240,5.5,Normal,3.3,1,CHIRPS Simulated Data
Wajir,2009,287.2,240,19.7,Above Normal,0.0,0,CHIRPS Simulated Data
Wajir,2010,227.5,240,-5.2,Mild Drought,1.9,1,CHIRPS Simulated Data
Wajir,2011,258.7,240,7.8,Normal,2.0,0,CHIRPS Simulated Data
Wajir,2012,295.4,240,23.1,Above Normal,0.0,0,CHIRPS Simulated Data
Wajir,2013,290.9,240,21.2,Above Normal,0.0,1,CHIRPS Simulated Data
Wajir,2014,253.5,240,5.6,Normal,0.0,1,CHIRPS Simulated Data
Wajir,2015,302.4,240,26.0,Above Normal,4.0,0,CHIRPS Simulated Data
Wajir,2016,275.9,240,15.0,Above Normal,0.0,0,CHIRPS Simulated Data
Wajir,2017,320.2,240,33.4,Above Normal,0.0,1,CHIRPS Simulated Data
Wajir,2018,258.7,240,7.8,Normal,0.0,1,CHIRPS Simulated Data
Wajir,2019,316.6,240,31.9,Above Normal,4.8,1,CHIRPS Simulated Data
Wajir,2020,289.1,240,20.5,Above Normal,3.9,1,CHIRPS Simulated Data
Wajir,2021,235.2,240,-2.0,Mild Drought,0.0,0,CHIRPS Simulated Data
Wajir,2022,335.5,240,39.8,Above Normal,9.0,0,CHIRPS Simulated Data
Wajir,2023,298.5,240,24.4,Above Normal,8.6,0,CHIRPS Simulated Data
Wajir,2024,280.9,240,17.0,Above Normal,8.4,0,CHIRPS Simulated Data
Kwale,1991,1186.6,1080,9.9,Normal,0.0,1,CHIRPS Simulated Data
Kwale,1992,1339.7,1080,24.0,Above Normal,8.9,0,CHIRPS Simulated Data
Kwale,1993,1285.7,1080,19.0,Above Normal,6.9,0,CHIRPS Simulated Data
Kwale,1994,1272.7,1080,17.8,Above Normal,0.0,1,CHIRPS Simulated Data
Kwale,1995,949.2,1080,-12.1,Moderate Drought,0.0,2,CHIRPS Simulated Data
Kwale,1996,1209.7,1080,12.0,Normal,0.0,1,CHIRPS Simulated Data
Kwale,1997,865.6,1080,-19.9,Moderate Drought,0.0,3,CHIRPS Simulated Data
Kwale,1998,1271.6,1080,17.7,Above Normal,0.0,1,CHIRPS Simulated Data
Kwale,1999,1329.7,1080,23.1,Above Normal,2.3,0,CHIRPS Simulated Data
Kwale,2000,852.8,1080,-21.0,Moderate Drought,7.4,3,CHIRPS Simulated Data
Kwale,2001,1333.6,1080,23.5,Above Normal,0.6,1,CHIRPS Simulated Data
Kwale,2002,1296.0,1080,20.0,Above Normal,10.0,0,CHIRPS Simulated Data
Kwale,2003,1283.0,1080,18.8,Above Normal,0.0,0,CHIRPS Simulated Data
Kwale,2004,1208.6,1080,11.9,Normal,7.5,1,CHIRPS Simulated Data
Kwale,2005,1293.5,1080,19.8,Above Normal,0.0,0,CHIRPS Simulated Data
Kwale,2006,1280.8,1080,18.6,Above Normal,0.0,0,CHIRPS Simulated Data
Kwale,2007,1065.6,1080,-1.3,Mild Drought,0.0,0,CHIRPS Simulated Data
Kwale,2008,999.8,1080,-7.4,Mild Drought,0.0,1,CHIRPS Simulated Data
Kwale,2009,1440.1,1080,33.3,Above Normal,0.0,0,CHIRPS Simulated Data
Kwale,2010,1266.5,1080,17.3,Above Normal,0.0,1,CHIRPS Simulated Data
Kwale,2011,1333.4,1080,23.5,Above Normal,0.0,0,CHIRPS Simulated Data
Kwale,2012,1392.6,1080,28.9,Above Normal,8.9,0,CHIRPS Simulated Data
Kwale,2013,1241.7,1080,15.0,Above Normal,0.0,1,CHIRPS Simulated Data
Kwale,2014,1021.1,1080,-5.5,Mild Drought,8.8,1,CHIRPS Simulated Data
Kwale,2015,1247.4,1080,15.5,Above Normal,0.3,0,CHIRPS Simulated Data
Kwale,2016,995.9,1080,-7.8,Mild Drought,0.0,1,CHIRPS Simulated Data
Kwale,2017,1359.0,1080,25.8,Above Normal,0.0,0,CHIRPS Simulated Data
Kwale,2018,1477.3,1080,36.8,Above Normal,7.7,1,CHIRPS Simulated Data
Kwale,2019,1498.1,1080,38.7,Above Normal,0.0,0,CHIRPS Simulated Data
Kwale,2020,1360.9,1080,26.0,Above Normal,3.9,0,CHIRPS Simulated Data
Kwale,2021,1400.6,1080,29.7,Above Normal,0.0,0,CHIRPS Simulated Data
Kwale,2022,1236.4,1080,14.5,Normal,1.9,1,CHIRPS Simulated Data
Kwale,2023,969.4,1080,-10.2,Moderate Drought,7.5,2,CHIRPS Simulated Data
Kwale,2024,996.1,1080,-7.8,Mild Drought,7.8,2,CHIRPS Simulated Data
Kilifi,1991,1157.4,980,18.1,Above Normal,6.2,1,CHIRPS Simulated Data
Kilifi,1992,1008.9,980,2.9,Normal,0.0,0,CHIRPS Simulated Data
Kilifi,1993,925.0,980,-5.6,Mild Drought,0.0,1,CHIRPS Simulated Data
Kilifi,1994,989.7,980,1.0,Normal,0.0,0,CHIRPS Simulated Data
Kilifi,1995,1086.9,980,10.9,Normal,0.0,1,CHIRPS Simulated Data
Kilifi,1996,997.2,980,1.8,Normal,0.0,1,CHIRPS Simulated Data
Kilifi,1997,1166.4,980,19.0,Above Normal,0.0,1,CHIRPS Simulated Data
Kilifi,1998,1040.6,980,6.2,Normal,0.0,1,CHIRPS Simulated Data
Kilifi,1999,1161.8,980,18.6,Above Normal,3.2,1,CHIRPS Simulated Data
Kilifi,2000,1201.7,980,22.6,Above Normal,4.2,1,CHIRPS Simulated Data
Kilifi,2001,1119.8,980,14.3,Normal,3.6,1,CHIRPS Simulated Data
Kilifi,2002,1152.4,980,17.6,Above Normal,0.0,1,CHIRPS Simulated Data
Kilifi,2003,1218.0,980,24.3,Above Normal,0.0,1,CHIRPS Simulated Data
Kilifi,2004,839.6,980,-14.3,Moderate Drought,0.0,3,CHIRPS Simulated Data
Kilifi,2005,859.3,980,-12.3,Moderate Drought,6.3,2,CHIRPS Simulated Data
Kilifi,2006,1042.7,980,6.4,Normal,0.0,0,CHIRPS Simulated Data
Kilifi,2007,1103.7,980,12.6,Normal,9.6,1,CHIRPS Simulated Data
Kilifi,2008,920.9,980,-6.0,Mild Drought,2.7,1,CHIRPS Simulated Data
Kilifi,2009,1197.6,980,22.2,Above Normal,0.0,1,CHIRPS Simulated Data
Kilifi,2010,1076.2,980,9.8,Normal,9.3,0,CHIRPS Simulated Data
Kilifi,2011,1128.6,980,15.2,Above Normal,8.7,0,CHIRPS Simulated Data
Kilifi,2012,1294.6,980,32.1,Above Normal,3.8,0,CHIRPS Simulated Data
Kilifi,2013,960.1,980,-2.0,Mild Drought,4.2,0,CHIRPS Simulated Data
Kilifi,2014,1114.1,980,13.7,Normal,0.0,1,CHIRPS Simulated Data
Kilifi,2015,830.1,980,-15.3,Moderate Drought,7.4,3,CHIRPS Simulated Data
Kilifi,2016,1330.7,980,35.8,Above Normal,5.0,0,CHIRPS Simulated Data
Kilifi,2017,1221.6,980,24.7,Above Normal,0.0,0,CHIRPS Simulated Data
Kilifi,2018,990.1,980,1.0,Normal,0.0,1,CHIRPS Simulated Data
Kilifi,2019,1189.6,980,21.4,Above Normal,0.0,0,CHIRPS Simulated Data
Kilifi,2020,1365.5,980,39.3,Above Normal,0.0,0,CHIRPS Simulated Data
Kilifi,2021,913.0,980,-6.8,Mild Drought,5.9,2,CHIRPS Simulated Data
Kilifi,2022,947.7,980,-3.3,Mild Drought,0.0,1,CHIRPS Simulated Data
Kilifi,2023,1190.8,980,21.5,Above Normal,0.0,1,CHIRPS Simulated Data
Kilifi,2024,915.8,980,-6.6,Mild Drought,0.0,2,CHIRPS Simulated Data
Taita Taveta,1991,614.3,640,-4.0,Mild Drought,2.8,1,CHIRPS Simulated Data
Taita Taveta,1992,570.0,640,-10.9,Moderate Drought,9.7,2,CHIRPS Simulated Data
Taita Taveta,1993,772.2,640,20.7,Above Normal,0.0,0,CHIRPS Simulated Data
Taita Taveta,1994,495.8,640,-22.5,Moderate Drought,3.0,3,CHIRPS Simulated Data
Taita Taveta,1995,768.7,640,20.1,Above Normal,0.0,1,CHIRPS Simulated Data
Taita Taveta,1996,550.2,640,-14.0,Moderate Drought,7.4,3,CHIRPS Simulated Data
Taita Taveta,1997,744.1,640,16.3,Above Normal,6.9,1,CHIRPS Simulated Data
Taita Taveta,1998,699.4,640,9.3,Normal,0.0,0,CHIRPS Simulated Data
Taita Taveta,1999,799.5,640,24.9,Above Normal,2.4,1,CHIRPS Simulated Data
Taita Taveta,2000,656.9,640,2.6,Normal,0.0,0,CHIRPS Simulated Data
Taita Taveta,2001,727.4,640,13.7,Normal,0.0,0,CHIRPS Simulated Data
Taita Taveta,2002,665.4,640,4.0,Normal,0.0,1,CHIRPS Simulated Data
Taita Taveta,2003,593.2,640,-7.3,Mild Drought,5.9,1,CHIRPS Simulated Data
Taita Taveta,2004,658.2,640,2.8,Normal,0.0,0,CHIRPS Simulated Data
Taita Taveta,2005,639.5,640,-0.1,Mild Drought,0.0,1,CHIRPS Simulated Data
Taita Taveta,2006,607.7,640,-5.0,Mild Drought,3.9,1,CHIRPS Simulated Data
Taita Taveta,2007,776.2,640,21.3,Above Normal,0.0,0,CHIRPS Simulated Data
Taita Taveta,2008,548.5,640,-14.3,Moderate Drought,0.0,3,CHIRPS Simulated Data
Taita Taveta,2009,563.4,640,-12.0,Moderate Drought,0.0,2,CHIRPS Simulated Data
Taita Taveta,2010,758.4,640,18.5,Above Normal,1.2,0,CHIRPS Simulated Data
Taita Taveta,2011,631.2,640,-1.4,Mild Drought,0.4,0,CHIRPS Simulated Data
Taita Taveta,2012,641.9,640,0.3,Normal,0.0,0,CHIRPS Simulated Data
Taita Taveta,2013,660.4,640,3.2,Normal,0.0,1,CHIRPS Simulated Data
Taita Taveta,2014,765.1,640,19.5,Above Normal,6.0,0,CHIRPS Simulated Data
Taita Taveta,2015,584.8,640,-8.6,Mild Drought,0.0,2,CHIRPS Simulated Data
Taita Taveta,2016,776.7,640,21.4,Above Normal,0.0,1,CHIRPS Simulated Data
Taita Taveta,2017,548.3,640,-14.3,Moderate Drought,0.8,2,CHIRPS Simulated Data
Taita Taveta,2018,840.7,640,31.4,Above Normal,4.3,1,CHIRPS Simulated Data
Taita Taveta,2019,654.5,640,2.3,Normal,6.3,0,CHIRPS Simulated Data
Taita Taveta,2020,855.2,640,33.6,Above Normal,1.0,1,CHIRPS Simulated Data
Taita Taveta,2021,699.7,640,9.3,Normal,2.9,1,CHIRPS Simulated Data
Taita Taveta,2022,802.7,640,25.4,Above Normal,0.0,0,CHIRPS Simulated Data
Taita Taveta,2023,630.6,640,-1.5,Mild Drought,0.0,1,CHIRPS Simulated Data
Taita Taveta,2024,622.8,640,-2.7,Mild Drought,9.5,1,CHIRPS Simulated Data
Lamu,1991,874.7,1040,-15.9,Moderate Drought,5.8,3,CHIRPS Simulated Data
Lamu,1992,1043.2,1040,0.3,Normal,1.1,1,CHIRPS Simulated Data
Lamu,1993,906.0,1040,-12.9,Moderate Drought,9.9,3,CHIRPS Simulated Data
Lamu,1994,1131.6,1040,8.8,Normal,0.0,1,CHIRPS Simulated Data
Lamu,1995,830.6,1040,-20.1,Moderate Drought,0.0,3,CHIRPS Simulated Data
Lamu,1996,1041.0,1040,0.1,Normal,7.4,1,CHIRPS Simulated Data
Lamu,1997,1194.2,1040,14.8,Normal,0.0,0,CHIRPS Simulated Data
Lamu,1998,1000.2,1040,-3.8,Mild Drought,9.7,1,CHIRPS Simulated Data
Lamu,1999,1270.2,1040,22.1,Above Normal,1.6,0,CHIRPS Simulated Data
Lamu,2000,1198.8,1040,15.3,Above Normal,0.0,1,CHIRPS Simulated Data
Lamu,2001,1298.3,1040,24.8,Above Normal,0.0,0,CHIRPS Simulated Data
Lamu,2002,1135.9,1040,9.2,Normal,8.3,0,CHIRPS Simulated Data
Lamu,2003,1156.9,1040,11.2,Normal,2.6,1,CHIRPS Simulated Data
Lamu,2004,892.5,1040,-14.2,Moderate Drought,4.3,3,CHIRPS Simulated Data
Lamu,2005,922.3,1040,-11.3,Moderate Drought,0.0,2,CHIRPS Simulated Data
Lamu,2006,926.6,1040,-10.9,Moderate Drought,7.1,2,CHIRPS Simulated Data
Lamu,2007,966.7,1040,-7.0,Mild Drought,7.4,1,CHIRPS Simulated Data
Lamu,2008,1118.9,1040,7.6,Normal,0.0,1,CHIRPS Simulated Data
Lamu,2009,927.3,1040,-10.8,Moderate Drought,0.0,2,CHIRPS Simulated Data
Lamu,2010,983.7,1040,-5.4,Mild Drought,3.1,1,CHIRPS Simulated Data
Lamu,2011,1276.8,1040,22.8,Above Normal,0.0,1,CHIRPS Simulated Data
Lamu,2012,1101.3,1040,5.9,Normal,0.0,0,CHIRPS Simulated Data
Lamu,2013,944.7,1040,-9.2,Mild Drought,0.4,1,CHIRPS Simulated Data
Lamu,2014,1322.4,1040,27.2,Above Normal,0.0,0,CHIRPS Simulated Data
Lamu,2015,1206.6,1040,16.0,Above Normal,4.2,0,CHIRPS Simulated Data
Lamu,2016,953.9,1040,-8.3,Mild Drought,0.0,2,CHIRPS Simulated Data
Lamu,2017,1242.2,1040,19.4,Above Normal,0.0,1,CHIRPS Simulated Data
Lamu,2018,1328.4,1040,27.7,Above Normal,1.7,1,CHIRPS Simulated Data
Lamu,2019,986.4,1040,-5.2,Mild Drought,0.0,1,CHIRPS Simulated Data
Lamu,2020,903.6,1040,-13.1,Moderate Drought,0.6,3,CHIRPS Simulated Data
Lamu,2021,896.5,1040,-13.8,Moderate Drought,0.0,2,CHIRPS Simulated Data
Lamu,2022,1422.6,1040,36.8,Above Normal,0.0,1,CHIRPS Simulated Data
Lamu,2023,904.2,1040,-13.1,Moderate Drought,0.0,3,CHIRPS Simulated Data
Lamu,2024,1451.1,1040,39.5,Above Normal,0.0,1,CHIRPS Simulated Data
Tana River,1991,406.4,380,6.9,Normal,7.4,0,CHIRPS Simulated Data
Tana River,1992,384.5,380,1.2,Normal,0.0,1,CHIRPS Simulated Data
Tana River,1993,314.0,380,-17.4,Moderate Drought,0.0,2,CHIRPS Simulated Data
Tana River,1994,423.9,380,11.6,Normal,0.0,1,CHIRPS Simulated Data
Tana River,1995,476.8,380,25.5,Above Normal,0.0,1,CHIRPS Simulated Data
Tana River,1996,376.7,380,-0.9,Mild Drought,7.4,0,CHIRPS Simulated Data
Tana River,1997,426.6,380,12.3,Normal,6.8,1,CHIRPS Simulated Data
Tana River,1998,426.4,380,12.2,Normal,0.0,1,CHIRPS Simulated Data
Tana River,1999,464.5,380,22.2,Above Normal,1.5,0,CHIRPS Simulated Data
Tana River,2000,478.5,380,25.9,Above Normal,3.9,1,CHIRPS Simulated Data
Tana River,2001,339.0,380,-10.8,Moderate Drought,3.1,2,CHIRPS Simulated Data
Tana River,2002,426.7,380,12.3,Normal,0.0,1,CHIRPS Simulated Data
Tana River,2003,497.7,380,31.0,Above Normal,0.0,1,CHIRPS Simulated Data
Tana River,2004,381.2,380,0.3,Normal,7.4,1,CHIRPS Simulated Data
Tana River,2005,414.7,380,9.1,Normal,4.8,1,CHIRPS Simulated Data
Tana River,2006,383.5,380,0.9,Normal,0.0,1,CHIRPS Simulated Data
Tana River,2007,466.6,380,22.8,Above Normal,5.3,1,CHIRPS Simulated Data
Tana River,2008,392.8,380,3.4,Normal,6.4,0,CHIRPS Simulated Data
Tana River,2009,416.4,380,9.6,Normal,0.0,0,CHIRPS Simulated Data
Tana River,2010,381.6,380,0.4,Normal,0.0,1,CHIRPS Simulated Data
Tana River,2011,387.5,380,2.0,Normal,0.0,0,CHIRPS Simulated Data
Tana River,2012,385.8,380,1.5,Normal,0.0,0,CHIRPS Simulated Data
Tana River,2013,434.8,380,14.4,Normal,3.4,1,CHIRPS Simulated Data
Tana River,2014,407.4,380,7.2,Normal,0.0,1,CHIRPS Simulated Data
Tana River,2015,420.5,380,10.7,Normal,0.0,0,CHIRPS Simulated Data
Tana River,2016,384.8,380,1.3,Normal,0.0,0,CHIRPS Simulated Data
Tana River,2017,436.3,380,14.8,Normal,0.7,1,CHIRPS Simulated Data
Tana River,2018,476.8,380,25.5,Above Normal,6.3,1,CHIRPS Simulated Data
Tana River,2019,518.8,380,36.5,Above Normal,0.0,0,CHIRPS Simulated Data
Tana River,2020,319.7,380,-15.9,Moderate Drought,2.9,3,CHIRPS Simulated Data
Tana River,2021,371.0,380,-2.4,Mild Drought,8.5,0,CHIRPS Simulated Data
Tana River,2022,519.9,380,36.8,Above Normal,0.0,0,CHIRPS Simulated Data
Tana River,2023,425.6,380,12.0,Normal,0.0,0,CHIRPS Simulated Data
Tana River,2024,388.7,380,2.3,Normal,6.1,1,CHIRPS Simulated Data
Isiolo,1991,434.7,480,-9.4,Mild Drought,2.2,2,CHIRPS Simulated Data
Isiolo,1992,427.1,480,-11.0,Moderate Drought,0.0,1,CHIRPS Simulated Data
Isiolo,1993,406.7,480,-15.3,Moderate Drought,3.6,2,CHIRPS Simulated Data
Isiolo,1994,491.9,480,2.5,Normal,4.2,0,CHIRPS Simulated Data
Isiolo,1995,504.1,480,5.0,Normal,0.0,1,CHIRPS Simulated Data
Isiolo,1996,485.6,480,1.2,Normal,6.1,1,CHIRPS Simulated Data
Isiolo,1997,379.3,480,-21.0,Moderate Drought,2.6,4,CHIRPS Simulated Data
Isiolo,1998,518.5,480,8.0,Normal,6.4,1,CHIRPS Simulated Data
Isiolo,1999,428.0,480,-10.8,Moderate Drought,0.0,2,CHIRPS Simulated Data
Isiolo,2000,475.2,480,-1.0,Mild Drought,6.8,1,CHIRPS Simulated Data
Isiolo,2001,462.6,480,-3.6,Mild Drought,0.0,1,CHIRPS Simulated Data
Isiolo,2002,444.7,480,-7.4,Mild Drought,6.4,1,CHIRPS Simulated Data
Isiolo,2003,545.2,480,13.6,Normal,0.0,1,CHIRPS Simulated Data
Isiolo,2004,492.8,480,2.7,Normal,1.7,0,CHIRPS Simulated Data
Isiolo,2005,566.9,480,18.1,Above Normal,7.3,0,CHIRPS Simulated Data
Isiolo,2006,405.9,480,-15.4,Moderate Drought,0.0,3,CHIRPS Simulated Data
Isiolo,2007,538.1,480,12.1,Normal,1.0,0,CHIRPS Simulated Data
Isiolo,2008,484.7,480,1.0,Normal,1.9,0,CHIRPS Simulated Data
Isiolo,2009,640.1,480,33.4,Above Normal,0.0,1,CHIRPS Simulated Data
Isiolo,2010,491.8,480,2.5,Normal,0.0,1,CHIRPS Simulated Data
Isiolo,2011,568.3,480,18.4,Above Normal,9.9,0,CHIRPS Simulated Data
Isiolo,2012,417.3,480,-13.1,Moderate Drought,4.5,2,CHIRPS Simulated Data
Isiolo,2013,463.3,480,-3.5,Mild Drought,0.0,1,CHIRPS Simulated Data
Isiolo,2014,627.5,480,30.7,Above Normal,0.0,0,CHIRPS Simulated Data
Isiolo,2015,454.2,480,-5.4,Mild Drought,0.0,1,CHIRPS Simulated Data
Isiolo,2016,533.0,480,11.0,Normal,0.0,1,CHIRPS Simulated Data
Isiolo,2017,459.4,480,-4.3,Mild Drought,0.8,1,CHIRPS Simulated Data
Isiolo,2018,572.0,480,19.2,Above Normal,0.7,0,CHIRPS Simulated Data
Isiolo,2019,489.2,480,1.9,Normal,3.4,1,CHIRPS Simulated Data
Isiolo,2020,579.0,480,20.6,Above Normal,1.2,1,CHIRPS Simulated Data
Isiolo,2021,528.2,480,10.0,Normal,0.0,1,CHIRPS Simulated Data
Isiolo,2022,663.0,480,38.1,Above Normal,0.0,1,CHIRPS Simulated Data
Isiolo,2023,460.5,480,-4.1,Mild Drought,0.7,1,CHIRPS Simulated Data
Isiolo,2024,529.9,480,10.4,Normal,5.1,0,CHIRPS Simulated Data
Meru,1991,1342.2,1240,8.2,Normal,5.9,1,CHIRPS Simulated Data
Meru,1992,1079.8,1240,-12.9,Moderate Drought,0.0,2,CHIRPS Simulated Data
Meru,1993,1557.7,1240,25.6,Above Normal,8.6,1,CHIRPS Simulated Data
Meru,1994,1469.5,1240,18.5,Above Normal,0.4,1,CHIRPS Simulated Data
Meru,1995,1001.0,1240,-19.3,Moderate Drought,5.1,3,CHIRPS Simulated Data
Meru,1996,1471.0,1240,18.6,Above Normal,5.7,1,CHIRPS Simulated Data
Meru,1997,975.3,1240,-21.3,Moderate Drought,0.0,3,CHIRPS Simulated Data
Meru,1998,1185.6,1240,-4.4,Mild Drought,0.0,1,CHIRPS Simulated Data
Meru,1999,1314.1,1240,6.0,Normal,0.0,0,CHIRPS Simulated Data
Meru,2000,1250.7,1240,0.9,Normal,2.0,1,CHIRPS Simulated Data
Meru,2001,1560.0,1240,25.8,Above Normal,0.0,1,CHIRPS Simulated Data
Meru,2002,1522.0,1240,22.7,Above Normal,0.0,1,CHIRPS Simulated Data
Meru,2003,1050.3,1240,-15.3,Moderate Drought,6.3,2,CHIRPS Simulated Data
Meru,2004,1551.0,1240,25.1,Above Normal,7.4,1,CHIRPS Simulated Data
Meru,2005,1499.3,1240,20.9,Above Normal,0.0,0,CHIRPS Simulated Data
Meru,2006,1250.6,1240,0.9,Normal,0.0,1,CHIRPS Simulated Data
Meru,2007,1217.8,1240,-1.8,Mild Drought,9.5,1,CHIRPS Simulated Data
Meru,2008,1537.9,1240,24.0,Above Normal,0.0,1,CHIRPS Simulated Data
Meru,2009,1610.3,1240,29.9,Above Normal,0.0,1,CHIRPS Simulated Data
Meru,2010,1510.9,1240,21.8,Above Normal,0.0,1,CHIRPS Simulated Data
Meru,2011,1271.3,1240,2.5,Normal,0.0,0,CHIRPS Simulated Data
Meru,2012,1053.9,1240,-15.0,Moderate Drought,0.0,2,CHIRPS Simulated Data
Meru,2013,1661.5,1240,34.0,Above Normal,1.0,1,CHIRPS Simulated Data
Meru,2014,1308.4,1240,5.5,Normal,0.0,1,CHIRPS Simulated Data
Meru,2015,1317.9,1240,6.3,Normal,0.0,1,CHIRPS Simulated Data
Meru,2016,1170.3,1240,-5.6,Mild Drought,2.4,1,CHIRPS Simulated Data
Meru,2017,1130.8,1240,-8.8,Mild Drought,0.0,2,CHIRPS Simulated Data
Meru,2018,1346.3,1240,8.6,Normal,0.0,1,CHIRPS Simulated Data
Meru,2019,1074.0,1240,-13.4,Moderate Drought,3.9,3,CHIRPS Simulated Data
Meru,2020,1203.4,1240,-3.0,Mild Drought,0.0,0,CHIRPS Simulated Data
Meru,2021,1252.2,1240,1.0,Normal,0.0,1,CHIRPS Simulated Data
Meru,2022,1088.7,1240,-12.2,Moderate Drought,0.2,3,CHIRPS Simulated Data
Meru,2023,1618.3,1240,30.5,Above Normal,2.3,0,CHIRPS Simulated Data
Meru,2024,1490.6,1240,20.2,Above Normal,0.6,0,CHIRPS Simulated Data
Tharaka Nithi,1991,668.6,820,-18.5,Moderate Drought,7.7,3,CHIRPS Simulated Data
Tharaka Nithi,1992,697.6,820,-14.9,Moderate Drought,0.0,2,CHIRPS Simulated Data
Tharaka Nithi,1993,961.9,820,17.3,Above Normal,4.7,1,CHIRPS Simulated Data
Tharaka Nithi,1994,627.0,820,-23.5,Moderate Drought,0.0,3,CHIRPS Simulated Data
Tharaka Nithi,1995,632.8,820,-22.8,Moderate Drought,0.0,4,CHIRPS Simulated Data
Tharaka Nithi,1996,684.6,820,-16.5,Moderate Drought,0.7,2,CHIRPS Simulated Data
Tharaka Nithi,1997,634.8,820,-22.6,Moderate Drought,0.0,4,CHIRPS Simulated Data
Tharaka Nithi,1998,970.1,820,18.3,Above Normal,9.2,0,CHIRPS Simulated Data
Tharaka Nithi,1999,681.1,820,-16.9,Moderate Drought,0.9,3,CHIRPS Simulated Data
Tharaka Nithi,2000,995.8,820,21.4,Above Normal,0.0,0,CHIRPS Simulated Data
Tharaka Nithi,2001,703.6,820,-14.2,Moderate Drought,0.0,3,CHIRPS Simulated Data
Tharaka Nithi,2002,845.8,820,3.1,Normal,0.0,0,CHIRPS Simulated Data
Tharaka Nithi,2003,841.9,820,2.7,Normal,5.7,1,CHIRPS Simulated Data
Tharaka Nithi,2004,1059.0,820,29.1,Above Normal,5.8,0,CHIRPS Simulated Data
Tharaka Nithi,2005,947.4,820,15.5,Above Normal,0.0,0,CHIRPS Simulated Data
Tharaka Nithi,2006,1017.3,820,24.1,Above Normal,0.0,1,CHIRPS Simulated Data
Tharaka Nithi,2007,855.7,820,4.4,Normal,2.7,1,CHIRPS Simulated Data
Tharaka Nithi,2008,1048.8,820,27.9,Above Normal,2.8,1,CHIRPS Simulated Data
Tharaka Nithi,2009,688.6,820,-16.0,Moderate Drought,0.3,2,CHIRPS Simulated Data
Tharaka Nithi,2010,987.1,820,20.4,Above Normal,0.3,1,CHIRPS Simulated Data
Tharaka Nithi,2011,682.7,820,-16.7,Moderate Drought,0.0,3,CHIRPS Simulated Data
Tharaka Nithi,2012,698.7,820,-14.8,Moderate Drought,0.0,2,CHIRPS Simulated Data
Tharaka Nithi,2013,1095.8,820,33.6,Above Normal,4.8,0,CHIRPS Simulated Data
Tharaka Nithi,2014,804.3,820,-1.9,Mild Drought,0.0,1,CHIRPS Simulated Data
Tharaka Nithi,2015,971.2,820,18.4,Above Normal,0.0,0,CHIRPS Simulated Data
Tharaka Nithi,2016,720.9,820,-12.1,Moderate Drought,3.2,2,CHIRPS Simulated Data
Tharaka Nithi,2017,798.9,820,-2.6,Mild Drought,0.0,0,CHIRPS Simulated Data
Tharaka Nithi,2018,1121.1,820,36.7,Above Normal,0.0,1,CHIRPS Simulated Data
Tharaka Nithi,2019,968.7,820,18.1,Above Normal,0.0,0,CHIRPS Simulated Data
Tharaka Nithi,2020,741.9,820,-9.5,Mild Drought,2.3,2,CHIRPS Simulated Data
Tharaka Nithi,2021,984.5,820,20.1,Above Normal,0.6,0,CHIRPS Simulated Data
Tharaka Nithi,2022,1137.6,820,38.7,Above Normal,6.0,0,CHIRPS Simulated Data
Tharaka Nithi,2023,1146.9,820,39.9,Above Normal,2.1,1,CHIRPS Simulated Data
Tharaka Nithi,2024,1043.4,820,27.2,Above Normal,6.3,1,CHIRPS Simulated Data
Embu,1991,960.6,1180,-18.6,Moderate Drought,0.0,3,CHIRPS Simulated Data
Embu,1992,1021.6,1180,-13.4,Moderate Drought,0.0,2,CHIRPS Simulated Data
Embu,1993,1153.4,1180,-2.3,Mild Drought,2.3,1,CHIRPS Simulated Data
Embu,1994,1039.3,1180,-11.9,Moderate Drought,0.0,2,CHIRPS Simulated Data
Embu,1995,1430.8,1180,21.3,Above Normal,2.9,0,CHIRPS Simulated Data
Embu,1996,1393.7,1180,18.1,Above Normal,7.2,1,CHIRPS Simulated Data
Embu,1997,1461.4,1180,23.8,Above Normal,0.0,1,CHIRPS Simulated Data
Embu,1998,1189.1,1180,0.8,Normal,6.8,1,CHIRPS Simulated Data
Embu,1999,1386.1,1180,17.5,Above Normal,3.1,0,CHIRPS Simulated Data
Embu,2000,1250.0,1180,5.9,Normal,9.7,1,CHIRPS Simulated Data
Embu,2001,946.9,1180,-19.8,Moderate Drought,0.0,3,CHIRPS Simulated Data
Embu,2002,1371.1,1180,16.2,Above Normal,6.4,0,CHIRPS Simulated Data
Embu,2003,1240.3,1180,5.1,Normal,6.8,1,CHIRPS Simulated Data
Embu,2004,1267.6,1180,7.4,Normal,1.8,1,CHIRPS Simulated Data
Embu,2005,1119.9,1180,-5.1,Mild Drought,1.3,1,CHIRPS Simulated Data
Embu,2006,1484.3,1180,25.8,Above Normal,2.7,1,CHIRPS Simulated Data
Embu,2007,1042.1,1180,-11.7,Moderate Drought,0.0,1,CHIRPS Simulated Data
Embu,2008,1100.6,1180,-6.7,Mild Drought,4.5,2,CHIRPS Simulated Data
Embu,2009,1011.4,1180,-14.3,Moderate Drought,0.0,3,CHIRPS Simulated Data
Embu,2010,1081.8,1180,-8.3,Mild Drought,1.1,2,CHIRPS Simulated Data
Embu,2011,1348.3,1180,14.3,Normal,0.0,0,CHIRPS Simulated Data
Embu,2012,1460.6,1180,23.8,Above Normal,1.1,0,CHIRPS Simulated Data
Embu,2013,1451.4,1180,23.0,Above Normal,0.0,1,CHIRPS Simulated Data
Embu,2014,1096.9,1180,-7.0,Mild Drought,9.2,1,CHIRPS Simulated Data
Embu,2015,1181.4,1180,0.1,Normal,0.0,0,CHIRPS Simulated Data
Embu,2016,1542.4,1180,30.7,Above Normal,10.0,0,CHIRPS Simulated Data
Embu,2017,1269.2,1180,7.6,Normal,4.4,1,CHIRPS Simulated Data
Embu,2018,1368.3,1180,16.0,Above Normal,0.0,0,CHIRPS Simulated Data
Embu,2019,1440.5,1180,22.1,Above Normal,0.0,1,CHIRPS Simulated Data
Embu,2020,1221.7,1180,3.5,Normal,5.9,0,CHIRPS Simulated Data
Embu,2021,1379.9,1180,16.9,Above Normal,0.0,1,CHIRPS Simulated Data
Embu,2022,1037.7,1180,-12.1,Moderate Drought,1.6,2,CHIRPS Simulated Data
Embu,2023,1371.4,1180,16.2,Above Normal,2.1,1,CHIRPS Simulated Data
Embu,2024,1539.5,1180,30.5,Above Normal,0.0,1,CHIRPS Simulated Data
Kirinyaga,1991,1378.8,1380,-0.1,Mild Drought,0.0,0,CHIRPS Simulated Data
Kirinyaga,1992,1270.7,1380,-7.9,Mild Drought,5.7,2,CHIRPS Simulated Data
Kirinyaga,1993,1591.8,1380,15.3,Above Normal,0.4,0,CHIRPS Simulated Data
Kirinyaga,1994,1150.4,1380,-16.6,Moderate Drought,0.0,3,CHIRPS Simulated Data
Kirinyaga,1995,1113.7,1380,-19.3,Moderate Drought,0.0,3,CHIRPS Simulated Data
Kirinyaga,1996,1573.5,1380,14.0,Normal,10.0,1,CHIRPS Simulated Data
Kirinyaga,1997,1513.9,1380,9.7,Normal,0.0,1,CHIRPS Simulated Data
Kirinyaga,1998,1621.3,1380,17.5,Above Normal,0.0,0,CHIRPS Simulated Data
Kirinyaga,1999,1666.1,1380,20.7,Above Normal,0.0,1,CHIRPS Simulated Data
Kirinyaga,2000,1492.4,1380,8.1,Normal,0.0,0,CHIRPS Simulated Data
Kirinyaga,2001,1316.4,1380,-4.6,Mild Drought,0.0,1,CHIRPS Simulated Data
Kirinyaga,2002,1679.7,1380,21.7,Above Normal,0.0,1,CHIRPS Simulated Data
Kirinyaga,2003,1300.7,1380,-5.7,Mild Drought,8.8,1,CHIRPS Simulated Data
Kirinyaga,2004,1400.7,1380,1.5,Normal,7.5,1,CHIRPS Simulated Data
Kirinyaga,2005,1228.6,1380,-11.0,Moderate Drought,6.0,2,CHIRPS Simulated Data
Kirinyaga,2006,1450.3,1380,5.1,Normal,0.0,0,CHIRPS Simulated Data
Kirinyaga,2007,1635.7,1380,18.5,Above Normal,0.0,0,CHIRPS Simulated Data
Kirinyaga,2008,1643.0,1380,19.1,Above Normal,5.3,0,CHIRPS Simulated Data
Kirinyaga,2009,1560.9,1380,13.1,Normal,0.0,1,CHIRPS Simulated Data
Kirinyaga,2010,1601.4,1380,16.0,Above Normal,9.1,0,CHIRPS Simulated Data
Kirinyaga,2011,1160.3,1380,-15.9,Moderate Drought,0.0,2,CHIRPS Simulated Data
Kirinyaga,2012,1306.7,1380,-5.3,Mild Drought,8.1,1,CHIRPS Simulated Data
Kirinyaga,2013,1330.2,1380,-3.6,Mild Drought,5.2,1,CHIRPS Simulated Data
Kirinyaga,2014,1715.5,1380,24.3,Above Normal,0.0,0,CHIRPS Simulated Data
Kirinyaga,2015,1159.8,1380,-16.0,Moderate Drought,0.0,3,CHIRPS Simulated Data
Kirinyaga,2016,1244.2,1380,-9.8,Mild Drought,0.6,2,CHIRPS Simulated Data
Kirinyaga,2017,1407.2,1380,2.0,Normal,8.0,0,CHIRPS Simulated Data
Kirinyaga,2018,1654.3,1380,19.9,Above Normal,9.3,1,CHIRPS Simulated Data
Kirinyaga,2019,1869.7,1380,35.5,Above Normal,0.0,0,CHIRPS Simulated Data
Kirinyaga,2020,1355.4,1380,-1.8,Mild Drought,4.6,1,CHIRPS Simulated Data
Kirinyaga,2021,1357.4,1380,-1.6,Mild Drought,3.1,0,CHIRPS Simulated Data
Kirinyaga,2022,1601.8,1380,16.1,Above Normal,0.0,1,CHIRPS Simulated Data
Kirinyaga,2023,1641.1,1380,18.9,Above Normal,0.0,0,CHIRPS Simulated Data
Kirinyaga,2024,1289.8,1380,-6.5,Mild Drought,0.0,1,CHIRPS Simulated Data
Murang'a,1991,1457.4,1240,17.5,Above Normal,1.2,1,CHIRPS Simulated Data
Murang'a,1992,1005.2,1240,-18.9,Moderate Drought,7.2,3,CHIRPS Simulated Data
Murang'a,1993,979.7,1240,-21.0,Moderate Drought,4.1,3,CHIRPS Simulated Data
Murang'a,1994,992.4,1240,-20.0,Moderate Drought,0.0,3,CHIRPS Simulated Data
Murang'a,1995,1049.3,1240,-15.4,Moderate Drought,8.9,3,CHIRPS Simulated Data
Murang'a,1996,1371.7,1240,10.6,Normal,0.0,0,CHIRPS Simulated Data
Murang'a,1997,1365.6,1240,10.1,Normal,0.9,0,CHIRPS Simulated Data
Murang'a,1998,1282.7,1240,3.4,Normal,6.1,0,CHIRPS Simulated Data
Murang'a,1999,993.0,1240,-19.9,Moderate Drought,5.7,3,CHIRPS Simulated Data
Murang'a,2000,1129.6,1240,-8.9,Mild Drought,0.0,1,CHIRPS Simulated Data
Murang'a,2001,1455.2,1240,17.4,Above Normal,0.4,0,CHIRPS Simulated Data
Murang'a,2002,1539.1,1240,24.1,Above Normal,7.6,1,CHIRPS Simulated Data
Murang'a,2003,1129.8,1240,-8.9,Mild Drought,0.0,2,CHIRPS Simulated Data
Murang'a,2004,1481.9,1240,19.5,Above Normal,0.0,0,CHIRPS Simulated Data
Murang'a,2005,1285.8,1240,3.7,Normal,8.2,1,CHIRPS Simulated Data
Murang'a,2006,1313.0,1240,5.9,Normal,0.0,1,CHIRPS Simulated Data
Murang'a,2007,1531.8,1240,23.5,Above Normal,0.0,1,CHIRPS Simulated Data
Murang'a,2008,1631.9,1240,31.6,Above Normal,0.0,1,CHIRPS Simulated Data
Murang'a,2009,1187.8,1240,-4.2,Mild Drought,5.9,1,CHIRPS Simulated Data
Murang'a,2010,1424.0,1240,14.8,Normal,6.0,0,CHIRPS Simulated Data
Murang'a,2011,1617.1,1240,30.4,Above Normal,0.7,0,CHIRPS Simulated Data
Murang'a,2012,1475.8,1240,19.0,Above Normal,5.9,0,CHIRPS Simulated Data
Murang'a,2013,1590.1,1240,28.2,Above Normal,8.1,0,CHIRPS Simulated Data
Murang'a,2014,1681.4,1240,35.6,Above Normal,0.0,0,CHIRPS Simulated Data
Murang'a,2015,1144.5,1240,-7.7,Mild Drought,7.9,2,CHIRPS Simulated Data
Murang'a,2016,1126.7,1240,-9.1,Mild Drought,0.0,2,CHIRPS Simulated Data
Murang'a,2017,1083.8,1240,-12.6,Moderate Drought,7.6,2,CHIRPS Simulated Data
Murang'a,2018,1377.5,1240,11.1,Normal,9.4,0,CHIRPS Simulated Data
Murang'a,2019,1712.6,1240,38.1,Above Normal,3.4,1,CHIRPS Simulated Data
Murang'a,2020,1152.7,1240,-7.0,Mild Drought,7.6,1,CHIRPS Simulated Data
Murang'a,2021,1154.3,1240,-6.9,Mild Drought,0.0,1,CHIRPS Simulated Data
Murang'a,2022,1412.9,1240,13.9,Normal,4.4,1,CHIRPS Simulated Data
Murang'a,2023,1104.6,1240,-10.9,Moderate Drought,4.6,2,CHIRPS Simulated Data
Murang'a,2024,1655.1,1240,33.5,Above Normal,6.4,1,CHIRPS Simulated Data
Kiambu,1991,1083.0,980,10.5,Normal,0.0,0,CHIRPS Simulated Data
Kiambu,1992,1142.2,980,16.6,Above Normal,0.0,0,CHIRPS Simulated Data
Kiambu,1993,985.0,980,0.5,Normal,6.6,0,CHIRPS Simulated Data
Kiambu,1994,830.0,980,-15.3,Moderate Drought,4.2,3,CHIRPS Simulated Data
Kiambu,1995,796.9,980,-18.7,Moderate Drought,0.0,2,CHIRPS Simulated Data
Kiambu,1996,923.6,980,-5.8,Mild Drought,0.0,1,CHIRPS Simulated Data
Kiambu,1997,1079.4,980,10.1,Normal,2.4,0,CHIRPS Simulated Data
Kiambu,1998,1179.4,980,20.3,Above Normal,0.0,1,CHIRPS Simulated Data
Kiambu,1999,1079.2,980,10.1,Normal,0.0,1,CHIRPS Simulated Data
Kiambu,2000,926.5,980,-5.5,Mild Drought,3.7,1,CHIRPS Simulated Data
Kiambu,2001,853.5,980,-12.9,Moderate Drought,7.1,2,CHIRPS Simulated Data
Kiambu,2002,1195.5,980,22.0,Above Normal,0.0,1,CHIRPS Simulated Data
Kiambu,2003,1126.7,980,15.0,Above Normal,0.3,0,CHIRPS Simulated Data
Kiambu,2004,882.8,980,-9.9,Mild Drought,0.0,2,CHIRPS Simulated Data
Kiambu,2005,1114.1,980,13.7,Normal,8.8,1,CHIRPS Simulated Data
Kiambu,2006,1177.0,980,20.1,Above Normal,5.8,1,CHIRPS Simulated Data
Kiambu,2007,917.7,980,-6.4,Mild Drought,8.1,1,CHIRPS Simulated Data
Kiambu,2008,1078.3,980,10.0,Normal,0.0,0,CHIRPS Simulated Data
Kiambu,2009,1029.7,980,5.1,Normal,7.3,1,CHIRPS Simulated Data
Kiambu,2010,991.4,980,1.2,Normal,9.5,0,CHIRPS Simulated Data
Kiambu,2011,1017.4,980,3.8,Normal,0.0,1,CHIRPS Simulated Data
Kiambu,2012,1284.4,980,31.1,Above Normal,0.0,1,CHIRPS Simulated Data
Kiambu,2013,955.5,980,-2.5,Mild Drought,8.2,1,CHIRPS Simulated Data
Kiambu,2014,1233.3,980,25.8,Above Normal,0.0,1,CHIRPS Simulated Data
Kiambu,2015,1195.8,980,22.0,Above Normal,0.0,1,CHIRPS Simulated Data
Kiambu,2016,960.2,980,-2.0,Mild Drought,7.5,0,CHIRPS Simulated Data
Kiambu,2017,1192.1,980,21.6,Above Normal,0.8,0,CHIRPS Simulated Data
Kiambu,2018,945.7,980,-3.5,Mild Drought,0.0,1,CHIRPS Simulated Data
Kiambu,2019,981.5,980,0.2,Normal,2.0,0,CHIRPS Simulated Data
Kiambu,2020,984.3,980,0.4,Normal,4.9,0,CHIRPS Simulated Data
Kiambu,2021,1318.7,980,34.6,Above Normal,7.1,1,CHIRPS Simulated Data
Kiambu,2022,1152.9,980,17.6,Above Normal,7.9,0,CHIRPS Simulated Data
Kiambu,2023,872.7,980,-10.9,Moderate Drought,0.0,2,CHIRPS Simulated Data
Kiambu,2024,851.3,980,-13.1,Moderate Drought,1.6,3,CHIRPS Simulated Data
Nyandarua,1991,1154.3,980,17.8,Above Normal,0.4,0,CHIRPS Simulated Data
Nyandarua,1992,1146.9,980,17.0,Above Normal,2.0,0,CHIRPS Simulated Data
Nyandarua,1993,787.2,980,-19.7,Moderate Drought,8.2,3,CHIRPS Simulated Data
Nyandarua,1994,1155.0,980,17.9,Above Normal,7.6,1,CHIRPS Simulated Data
Nyandarua,1995,1004.4,980,2.5,Normal,0.0,0,CHIRPS Simulated Data
Nyandarua,1996,966.9,980,-1.3,Mild Drought,5.5,1,CHIRPS Simulated Data
Nyandarua,1997,1200.5,980,22.5,Above Normal,0.0,1,CHIRPS Simulated Data
Nyandarua,1998,1073.6,980,9.6,Normal,1.8,1,CHIRPS Simulated Data
Nyandarua,1999,878.6,980,-10.3,Moderate Drought,0.2,1,CHIRPS Simulated Data
Nyandarua,2000,956.7,980,-2.4,Mild Drought,0.0,1,CHIRPS Simulated Data
Nyandarua,2001,1248.8,980,27.4,Above Normal,2.0,1,CHIRPS Simulated Data
Nyandarua,2002,1026.3,980,4.7,Normal,2.7,0,CHIRPS Simulated Data
Nyandarua,2003,900.9,980,-8.1,Mild Drought,0.0,1,CHIRPS Simulated Data
Nyandarua,2004,796.8,980,-18.7,Moderate Drought,0.0,3,CHIRPS Simulated Data
Nyandarua,2005,1278.9,980,30.5,Above Normal,0.0,0,CHIRPS Simulated Data
Nyandarua,2006,881.0,980,-10.1,Moderate Drought,2.2,2,CHIRPS Simulated Data
Nyandarua,2007,890.0,980,-9.2,Mild Drought,0.3,1,CHIRPS Simulated Data
Nyandarua,2008,789.0,980,-19.5,Moderate Drought,0.0,2,CHIRPS Simulated Data
Nyandarua,2009,844.7,980,-13.8,Moderate Drought,0.0,3,CHIRPS Simulated Data
Nyandarua,2010,1092.5,980,11.5,Normal,0.3,0,CHIRPS Simulated Data
Nyandarua,2011,1286.9,980,31.3,Above Normal,0.0,0,CHIRPS Simulated Data
Nyandarua,2012,1124.5,980,14.7,Normal,0.0,0,CHIRPS Simulated Data
Nyandarua,2013,1070.2,980,9.2,Normal,7.5,0,CHIRPS Simulated Data
Nyandarua,2014,1178.4,980,20.2,Above Normal,9.9,0,CHIRPS Simulated Data
Nyandarua,2015,953.1,980,-2.7,Mild Drought,0.0,1,CHIRPS Simulated Data
Nyandarua,2016,1030.0,980,5.1,Normal,8.2,1,CHIRPS Simulated Data
Nyandarua,2017,1140.3,980,16.4,Above Normal,0.0,1,CHIRPS Simulated Data
Nyandarua,2018,1332.9,980,36.0,Above Normal,6.5,0,CHIRPS Simulated Data
Nyandarua,2019,1164.1,980,18.8,Above Normal,0.0,0,CHIRPS Simulated Data
Nyandarua,2020,852.8,980,-13.0,Moderate Drought,2.1,2,CHIRPS Simulated Data
Nyandarua,2021,886.0,980,-9.6,Mild Drought,0.0,2,CHIRPS Simulated Data
Nyandarua,2022,1029.4,980,5.0,Normal,0.0,0,CHIRPS Simulated Data
Nyandarua,2023,1244.3,980,27.0,Above Normal,0.0,0,CHIRPS Simulated Data
Nyandarua,2024,1028.8,980,5.0,Normal,8.8,1,CHIRPS Simulated Data
Nyeri,1991,1176.5,1080,8.9,Normal,0.0,1,CHIRPS Simulated Data
Nyeri,1992,818.7,1080,-24.2,Moderate Drought,2.7,4,CHIRPS Simulated Data
Nyeri,1993,1149.9,1080,6.5,Normal,7.5,1,CHIRPS Simulated Data
Nyeri,1994,885.6,1080,-18.0,Moderate Drought,8.0,2,CHIRPS Simulated Data
Nyeri,1995,1115.9,1080,3.3,Normal,0.0,0,CHIRPS Simulated Data
Nyeri,1996,1058.7,1080,-2.0,Mild Drought,0.0,1,CHIRPS Simulated Data
Nyeri,1997,1148.6,1080,6.4,Normal,0.0,0,CHIRPS Simulated Data
Nyeri,1998,1142.8,1080,5.8,Normal,0.0,1,CHIRPS Simulated Data
Nyeri,1999,1199.4,1080,11.1,Normal,6.9,1,CHIRPS Simulated Data
Nyeri,2000,1079.7,1080,-0.0,Normal,3.5,0,CHIRPS Simulated Data
Nyeri,2001,1014.4,1080,-6.1,Mild Drought,5.8,1,CHIRPS Simulated Data
Nyeri,2002,1295.7,1080,20.0,Above Normal,6.5,1,CHIRPS Simulated Data
Nyeri,2003,1367.6,1080,26.6,Above Normal,0.0,0,CHIRPS Simulated Data
Nyeri,2004,1182.9,1080,9.5,Normal,0.0,1,CHIRPS Simulated Data
Nyeri,2005,1257.7,1080,16.5,Above Normal,3.8,0,CHIRPS Simulated Data
Nyeri,2006,954.1,1080,-11.7,Moderate Drought,0.0,2,CHIRPS Simulated Data
Nyeri,2007,1373.3,1080,27.2,Above Normal,0.0,0,CHIRPS Simulated Data
Nyeri,2008,879.8,1080,-18.5,Moderate Drought,2.9,3,CHIRPS Simulated Data
Nyeri,2009,1065.5,1080,-1.3,Mild Drought,0.0,1,CHIRPS Simulated Data
Nyeri,2010,1052.4,1080,-2.6,Mild Drought,3.5,1,CHIRPS Simulated Data
Nyeri,2011,1087.4,1080,0.7,Normal,0.0,1,CHIRPS Simulated Data
Nyeri,2012,1143.8,1080,5.9,Normal,3.8,0,CHIRPS Simulated Data
Nyeri,2013,1166.6,1080,8.0,Normal,0.0,1,CHIRPS Simulated Data
Nyeri,2014,1453.0,1080,34.5,Above Normal,0.0,0,CHIRPS Simulated Data
Nyeri,2015,906.1,1080,-16.1,Moderate Drought,0.0,2,CHIRPS Simulated Data
Nyeri,2016,904.9,1080,-16.2,Moderate Drought,5.1,2,CHIRPS Simulated Data
Nyeri,2017,1066.7,1080,-1.2,Mild Drought,8.0,0,CHIRPS Simulated Data
Nyeri,2018,1469.4,1080,36.1,Above Normal,0.0,1,CHIRPS Simulated Data
Nyeri,2019,1262.8,1080,16.9,Above Normal,6.5,1,CHIRPS Simulated Data
Nyeri,2020,1077.8,1080,-0.2,Mild Drought,9.2,0,CHIRPS Simulated Data
Nyeri,2021,1140.4,1080,5.6,Normal,0.0,1,CHIRPS Simulated Data
Nyeri,2022,1004.0,1080,-7.0,Mild Drought,1.1,1,CHIRPS Simulated Data
Nyeri,2023,1377.8,1080,27.6,Above Normal,6.7,0,CHIRPS Simulated Data
Nyeri,2024,1101.7,1080,2.0,Normal,0.0,0,CHIRPS Simulated Data
Laikipia,1991,451.7,580,-22.1,Moderate Drought,0.0,3,CHIRPS Simulated Data
Laikipia,1992,718.1,580,23.8,Above Normal,1.2,0,CHIRPS Simulated Data
Laikipia,1993,608.2,580,4.9,Normal,0.0,0,CHIRPS Simulated Data
Laikipia,1994,624.0,580,7.6,Normal,0.0,0,CHIRPS Simulated Data
Laikipia,1995,734.8,580,26.7,Above Normal,7.7,1,CHIRPS Simulated Data
Laikipia,1996,612.1,580,5.5,Normal,2.4,0,CHIRPS Simulated Data
Laikipia,1997,562.8,580,-3.0,Mild Drought,0.0,1,CHIRPS Simulated Data
Laikipia,1998,609.1,580,5.0,Normal,0.0,1,CHIRPS Simulated Data
Laikipia,1999,721.1,580,24.3,Above Normal,4.5,1,CHIRPS Simulated Data
Laikipia,2000,712.0,580,22.8,Above Normal,0.0,1,CHIRPS Simulated Data
Laikipia,2001,490.0,580,-15.5,Moderate Drought,5.9,2,CHIRPS Simulated Data
Laikipia,2002,719.7,580,24.1,Above Normal,8.9,0,CHIRPS Simulated Data
Laikipia,2003,596.5,580,2.8,Normal,9.6,0,CHIRPS Simulated Data
Laikipia,2004,721.1,580,24.3,Above Normal,1.8,0,CHIRPS Simulated Data
Laikipia,2005,546.9,580,-5.7,Mild Drought,0.0,1,CHIRPS Simulated Data
Laikipia,2006,579.9,580,-0.0,Normal,0.2,0,CHIRPS Simulated Data
Laikipia,2007,641.0,580,10.5,Normal,7.3,1,CHIRPS Simulated Data
Laikipia,2008,590.8,580,1.9,Normal,6.6,1,CHIRPS Simulated Data
Laikipia,2009,644.6,580,11.1,Normal,9.1,0,CHIRPS Simulated Data
Laikipia,2010,502.2,580,-13.4,Moderate Drought,7.1,2,CHIRPS Simulated Data
Laikipia,2011,735.1,580,26.7,Above Normal,7.9,0,CHIRPS Simulated Data
Laikipia,2012,749.3,580,29.2,Above Normal,0.0,1,CHIRPS Simulated Data
Laikipia,2013,671.0,580,15.7,Above Normal,8.6,0,CHIRPS Simulated Data
Laikipia,2014,626.0,580,7.9,Normal,3.8,1,CHIRPS Simulated Data
Laikipia,2015,696.9,580,20.2,Above Normal,0.0,0,CHIRPS Simulated Data
Laikipia,2016,592.9,580,2.2,Normal,6.1,0,CHIRPS Simulated Data
Laikipia,2017,547.7,580,-5.6,Mild Drought,9.1,1,CHIRPS Simulated Data
Laikipia,2018,802.6,580,38.4,Above Normal,3.6,1,CHIRPS Simulated Data
Laikipia,2019,578.7,580,-0.2,Mild Drought,0.0,1,CHIRPS Simulated Data
Laikipia,2020,755.4,580,30.2,Above Normal,4.9,0,CHIRPS Simulated Data
Laikipia,2021,731.9,580,26.2,Above Normal,5.4,1,CHIRPS Simulated Data
Laikipia,2022,738.7,580,27.4,Above Normal,7.0,1,CHIRPS Simulated Data
Laikipia,2023,519.7,580,-10.4,Moderate Drought,0.0,1,CHIRPS Simulated Data
Laikipia,2024,626.2,580,8.0,Normal,0.0,0,CHIRPS Simulated Data
Samburu,1991,351.3,380,-7.6,Mild Drought,0.0,2,CHIRPS Simulated Data
Samburu,1992,466.9,380,22.9,Above Normal,0.0,1,CHIRPS Simulated Data
Samburu,1993,387.4,380,1.9,Normal,0.0,0,CHIRPS Simulated Data
Samburu,1994,384.7,380,1.2,Normal,5.9,1,CHIRPS Simulated Data
Samburu,1995,299.3,380,-21.2,Moderate Drought,0.0,3,CHIRPS Simulated Data
Samburu,1996,347.9,380,-8.4,Mild Drought,0.0,1,CHIRPS Simulated Data
Samburu,1997,448.2,380,17.9,Above Normal,8.6,0,CHIRPS Simulated Data
Samburu,1998,470.0,380,23.7,Above Normal,0.0,0,CHIRPS Simulated Data
Samburu,1999,338.4,380,-10.9,Moderate Drought,2.8,2,CHIRPS Simulated Data
Samburu,2000,414.1,380,9.0,Normal,0.0,1,CHIRPS Simulated Data
Samburu,2001,320.7,380,-15.6,Moderate Drought,7.7,2,CHIRPS Simulated Data
Samburu,2002,386.7,380,1.8,Normal,1.7,1,CHIRPS Simulated Data
Samburu,2003,313.0,380,-17.6,Moderate Drought,3.6,2,CHIRPS Simulated Data
Samburu,2004,442.5,380,16.4,Above Normal,6.5,1,CHIRPS Simulated Data
Samburu,2005,411.8,380,8.4,Normal,0.4,0,CHIRPS Simulated Data
Samburu,2006,458.3,380,20.6,Above Normal,0.0,0,CHIRPS Simulated Data
Samburu,2007,360.7,380,-5.1,Mild Drought,0.0,1,CHIRPS Simulated Data
Samburu,2008,315.4,380,-17.0,Moderate Drought,4.9,2,CHIRPS Simulated Data
Samburu,2009,305.5,380,-19.6,Moderate Drought,0.2,2,CHIRPS Simulated Data
Samburu,2010,363.1,380,-4.4,Mild Drought,4.1,1,CHIRPS Simulated Data
Samburu,2011,480.0,380,26.3,Above Normal,0.0,0,CHIRPS Simulated Data
Samburu,2012,461.5,380,21.4,Above Normal,0.0,0,CHIRPS Simulated Data
Samburu,2013,384.5,380,1.2,Normal,0.0,1,CHIRPS Simulated Data
Samburu,2014,376.2,380,-1.0,Mild Drought,5.8,1,CHIRPS Simulated Data
Samburu,2015,402.7,380,6.0,Normal,8.2,0,CHIRPS Simulated Data
Samburu,2016,515.0,380,35.5,Above Normal,0.0,1,CHIRPS Simulated Data
Samburu,2017,418.2,380,10.1,Normal,0.0,1,CHIRPS Simulated Data
Samburu,2018,464.0,380,22.1,Above Normal,0.0,0,CHIRPS Simulated Data
Samburu,2019,467.6,380,23.1,Above Normal,3.4,1,CHIRPS Simulated Data
Samburu,2020,479.4,380,26.2,Above Normal,9.1,1,CHIRPS Simulated Data
Samburu,2021,382.6,380,0.7,Normal,0.0,1,CHIRPS Simulated Data
Samburu,2022,457.9,380,20.5,Above Normal,0.0,0,CHIRPS Simulated Data
Samburu,2023,526.5,380,38.6,Above Normal,0.1,0,CHIRPS Simulated Data
Samburu,2024,421.1,380,10.8,Normal,0.0,0,CHIRPS Simulated Data
Trans Nzoia,1991,1196.7,1280,-6.5,Mild Drought,0.0,2,CHIRPS Simulated Data
Trans Nzoia,1992,1231.5,1280,-3.8,Mild Drought,6.4,1,CHIRPS Simulated Data
Trans Nzoia,1993,1104.4,1280,-13.7,Moderate Drought,3.1,2,CHIRPS Simulated Data
Trans Nzoia,1994,1541.6,1280,20.4,Above Normal,0.0,1,CHIRPS Simulated Data
Trans Nzoia,1995,1370.5,1280,7.1,Normal,0.0,0,CHIRPS Simulated Data
Trans Nzoia,1996,1404.6,1280,9.7,Normal,4.8,0,CHIRPS Simulated Data
Trans Nzoia,1997,1405.6,1280,9.8,Normal,0.0,1,CHIRPS Simulated Data
Trans Nzoia,1998,1117.9,1280,-12.7,Moderate Drought,7.8,2,CHIRPS Simulated Data
Trans Nzoia,1999,1233.6,1280,-3.6,Mild Drought,0.0,1,CHIRPS Simulated Data
Trans Nzoia,2000,1336.6,1280,4.4,Normal,0.0,1,CHIRPS Simulated Data
Trans Nzoia,2001,1008.2,1280,-21.2,Moderate Drought,0.0,3,CHIRPS Simulated Data
Trans Nzoia,2002,1015.2,1280,-20.7,Moderate Drought,0.0,3,CHIRPS Simulated Data
Trans Nzoia,2003,1336.7,1280,4.4,Normal,0.0,1,CHIRPS Simulated Data
Trans Nzoia,2004,1410.6,1280,10.2,Normal,0.0,0,CHIRPS Simulated Data
Trans Nzoia,2005,1664.9,1280,30.1,Above Normal,0.4,1,CHIRPS Simulated Data
Trans Nzoia,2006,1229.2,1280,-4.0,Mild Drought,5.5,1,CHIRPS Simulated Data
Trans Nzoia,2007,1376.4,1280,7.5,Normal,9.5,0,CHIRPS Simulated Data
Trans Nzoia,2008,1036.9,1280,-19.0,Moderate Drought,5.4,3,CHIRPS Simulated Data
Trans Nzoia,2009,1111.6,1280,-13.2,Moderate Drought,0.0,2,CHIRPS Simulated Data
Trans Nzoia,2010,1234.9,1280,-3.5,Mild Drought,5.5,1,CHIRPS Simulated Data
Trans Nzoia,2011,1277.4,1280,-0.2,Mild Drought,0.0,0,CHIRPS Simulated Data
Trans Nzoia,2012,1248.6,1280,-2.5,Mild Drought,2.9,1,CHIRPS Simulated Data
Trans Nzoia,2013,1634.3,1280,27.7,Above Normal,0.0,1,CHIRPS Simulated Data
Trans Nzoia,2014,1595.7,1280,24.7,Above Normal,5.6,0,CHIRPS Simulated Data
Trans Nzoia,2015,1331.3,1280,4.0,Normal,0.0,0,CHIRPS Simulated Data
Trans Nzoia,2016,1216.7,1280,-4.9,Mild Drought,0.0,1,CHIRPS Simulated Data
Trans Nzoia,2017,1588.0,1280,24.1,Above Normal,0.0,0,CHIRPS Simulated Data
Trans Nzoia,2018,1742.9,1280,36.2,Above Normal,8.9,1,CHIRPS Simulated Data
Trans Nzoia,2019,1773.0,1280,38.5,Above Normal,0.9,1,CHIRPS Simulated Data
Trans Nzoia,2020,1125.4,1280,-12.1,Moderate Drought,0.0,2,CHIRPS Simulated Data
Trans Nzoia,2021,1215.6,1280,-5.0,Mild Drought,0.0,1,CHIRPS Simulated Data
Trans Nzoia,2022,1641.1,1280,28.2,Above Normal,1.6,0,CHIRPS Simulated Data
Trans Nzoia,2023,1668.4,1280,30.3,Above Normal,2.7,0,CHIRPS Simulated Data
Trans Nzoia,2024,1575.1,1280,23.1,Above Normal,0.0,0,CHIRPS Simulated Data
Uasin Gishu,1991,1305.4,1080,20.9,Above Normal,0.0,0,CHIRPS Simulated Data
Uasin Gishu,1992,1295.8,1080,20.0,Above Normal,4.2,0,CHIRPS Simulated Data
Uasin Gishu,1993,896.7,1080,-17.0,Moderate Drought,0.0,3,CHIRPS Simulated Data
Uasin Gishu,1994,1064.4,1080,-1.4,Mild Drought,0.0,1,CHIRPS Simulated Data
Uasin Gishu,1995,1113.6,1080,3.1,Normal,0.0,1,CHIRPS Simulated Data
Uasin Gishu,1996,1200.5,1080,11.2,Normal,0.0,0,CHIRPS Simulated Data
Uasin Gishu,1997,1275.7,1080,18.1,Above Normal,0.0,1,CHIRPS Simulated Data
Uasin Gishu,1998,1072.9,1080,-0.7,Mild Drought,0.0,0,CHIRPS Simulated Data
Uasin Gishu,1999,1084.2,1080,0.4,Normal,0.0,0,CHIRPS Simulated Data
Uasin Gishu,2000,1311.1,1080,21.4,Above Normal,9.6,1,CHIRPS Simulated Data
Uasin Gishu,2001,1321.9,1080,22.4,Above Normal,0.0,1,CHIRPS Simulated Data
Uasin Gishu,2002,956.7,1080,-11.4,Moderate Drought,9.0,2,CHIRPS Simulated Data
Uasin Gishu,2003,1251.7,1080,15.9,Above Normal,9.6,1,CHIRPS Simulated Data
Uasin Gishu,2004,999.6,1080,-7.4,Mild Drought,0.0,2,CHIRPS Simulated Data
Uasin Gishu,2005,897.0,1080,-16.9,Moderate Drought,2.4,3,CHIRPS Simulated Data
Uasin Gishu,2006,967.4,1080,-10.4,Moderate Drought,5.8,2,CHIRPS Simulated Data
Uasin Gishu,2007,1404.1,1080,30.0,Above Normal,9.2,1,CHIRPS Simulated Data
Uasin Gishu,2008,1428.7,1080,32.3,Above Normal,5.2,0,CHIRPS Simulated Data
Uasin Gishu,2009,1144.4,1080,6.0,Normal,4.4,0,CHIRPS Simulated Data
Uasin Gishu,2010,1243.8,1080,15.2,Above Normal,3.3,0,CHIRPS Simulated Data
Uasin Gishu,2011,1204.4,1080,11.5,Normal,5.4,0,CHIRPS Simulated Data
Uasin Gishu,2012,885.1,1080,-18.0,Moderate Drought,0.0,3,CHIRPS Simulated Data
Uasin Gishu,2013,1425.4,1080,32.0,Above Normal,0.0,1,CHIRPS Simulated Data
Uasin Gishu,2014,1015.5,1080,-6.0,Mild Drought,0.0,2,CHIRPS Simulated Data
Uasin Gishu,2015,1319.1,1080,22.1,Above Normal,0.0,0,CHIRPS Simulated Data
Uasin Gishu,2016,908.3,1080,-15.9,Moderate Drought,0.0,3,CHIRPS Simulated Data
Uasin Gishu,2017,964.9,1080,-10.7,Moderate Drought,0.0,2,CHIRPS Simulated Data
Uasin Gishu,2018,1447.7,1080,34.0,Above Normal,9.9,0,CHIRPS Simulated Data
Uasin Gishu,2019,1357.7,1080,25.7,Above Normal,0.0,0,CHIRPS Simulated Data
Uasin Gishu,2020,1358.5,1080,25.8,Above Normal,8.4,1,CHIRPS Simulated Data
Uasin Gishu,2021,1256.2,1080,16.3,Above Normal,0.0,1,CHIRPS Simulated Data
Uasin Gishu,2022,1062.8,1080,-1.6,Mild Drought,1.3,1,CHIRPS Simulated Data
Uasin Gishu,2023,1313.6,1080,21.6,Above Normal,0.0,0,CHIRPS Simulated Data
Uasin Gishu,2024,1478.2,1080,36.9,Above Normal,0.0,1,CHIRPS Simulated Data
Elgeyo Marakwet,1991,1015.3,1180,-14.0,Moderate Drought,0.0,2,CHIRPS Simulated Data
Elgeyo Marakwet,1992,992.3,1180,-15.9,Moderate Drought,7.3,2,CHIRPS Simulated Data
Elgeyo Marakwet,1993,1457.3,1180,23.5,Above Normal,1.7,0,CHIRPS Simulated Data
Elgeyo Marakwet,1994,1242.0,1180,5.3,Normal,0.3,1,CHIRPS Simulated Data
Elgeyo Marakwet,1995,1068.5,1180,-9.4,Mild Drought,0.0,2,CHIRPS Simulated Data
Elgeyo Marakwet,1996,1472.3,1180,24.8,Above Normal,7.9,0,CHIRPS Simulated Data
Elgeyo Marakwet,1997,1377.7,1180,16.8,Above Normal,0.0,0,CHIRPS Simulated Data
Elgeyo Marakwet,1998,1033.9,1180,-12.4,Moderate Drought,1.8,2,CHIRPS Simulated Data
Elgeyo Marakwet,1999,1115.2,1180,-5.5,Mild Drought,7.1,1,CHIRPS Simulated Data
Elgeyo Marakwet,2000,960.4,1180,-18.6,Moderate Drought,0.0,3,CHIRPS Simulated Data
Elgeyo Marakwet,2001,1231.4,1180,4.4,Normal,0.0,1,CHIRPS Simulated Data
Elgeyo Marakwet,2002,1438.8,1180,21.9,Above Normal,0.0,1,CHIRPS Simulated Data
Elgeyo Marakwet,2003,1404.3,1180,19.0,Above Normal,3.1,0,CHIRPS Simulated Data
Elgeyo Marakwet,2004,1474.7,1180,25.0,Above Normal,0.8,0,CHIRPS Simulated Data
Elgeyo Marakwet,2005,1199.5,1180,1.7,Normal,0.0,0,CHIRPS Simulated Data
Elgeyo Marakwet,2006,1416.9,1180,20.1,Above Normal,0.0,0,CHIRPS Simulated Data
Elgeyo Marakwet,2007,1269.7,1180,7.6,Normal,0.0,1,CHIRPS Simulated Data
Elgeyo Marakwet,2008,1087.7,1180,-7.8,Mild Drought,0.0,1,CHIRPS Simulated Data
Elgeyo Marakwet,2009,1094.5,1180,-7.2,Mild Drought,0.0,2,CHIRPS Simulated Data
Elgeyo Marakwet,2010,1566.1,1180,32.7,Above Normal,0.0,1,CHIRPS Simulated Data
Elgeyo Marakwet,2011,1428.5,1180,21.1,Above Normal,7.0,0,CHIRPS Simulated Data
Elgeyo Marakwet,2012,1153.1,1180,-2.3,Mild Drought,0.0,1,CHIRPS Simulated Data
Elgeyo Marakwet,2013,1487.2,1180,26.0,Above Normal,0.0,0,CHIRPS Simulated Data
Elgeyo Marakwet,2014,1547.5,1180,31.1,Above Normal,6.2,1,CHIRPS Simulated Data
Elgeyo Marakwet,2015,1457.7,1180,23.5,Above Normal,0.0,1,CHIRPS Simulated Data
Elgeyo Marakwet,2016,1402.5,1180,18.9,Above Normal,0.0,1,CHIRPS Simulated Data
Elgeyo Marakwet,2017,1439.1,1180,22.0,Above Normal,0.0,1,CHIRPS Simulated Data
Elgeyo Marakwet,2018,1362.2,1180,15.4,Above Normal,9.1,0,CHIRPS Simulated Data
Elgeyo Marakwet,2019,1158.2,1180,-1.8,Mild Drought,2.0,1,CHIRPS Simulated Data
Elgeyo Marakwet,2020,1458.1,1180,23.6,Above Normal,5.2,0,CHIRPS Simulated Data
Elgeyo Marakwet,2021,1330.8,1180,12.8,Normal,0.2,0,CHIRPS Simulated Data
Elgeyo Marakwet,2022,1613.4,1180,36.7,Above Normal,6.6,1,CHIRPS Simulated Data
Elgeyo Marakwet,2023,1473.7,1180,24.9,Above Normal,0.0,1,CHIRPS Simulated Data
Elgeyo Marakwet,2024,1465.7,1180,24.2,Above Normal,4.6,1,CHIRPS Simulated Data
Nandi,1991,1312.8,1480,-11.3,Moderate Drought,6.1,2,CHIRPS Simulated Data
Nandi,1992,1371.0,1480,-7.4,Mild Drought,0.0,2,CHIRPS Simulated Data
Nandi,1993,1757.8,1480,18.8,Above Normal,4.0,1,CHIRPS Simulated Data
Nandi,1994,1544.2,1480,4.3,Normal,8.9,0,CHIRPS Simulated Data
Nandi,1995,1413.8,1480,-4.5,Mild Drought,0.0,1,CHIRPS Simulated Data
Nandi,1996,1686.6,1480,14.0,Normal,0.0,0,CHIRPS Simulated Data
Nandi,1997,1772.4,1480,19.8,Above Normal,0.0,1,CHIRPS Simulated Data
Nandi,1998,1879.2,1480,27.0,Above Normal,0.0,0,CHIRPS Simulated Data
Nandi,1999,1683.8,1480,13.8,Normal,6.4,1,CHIRPS Simulated Data
Nandi,2000,1891.3,1480,27.8,Above Normal,0.0,1,CHIRPS Simulated Data
Nandi,2001,1707.3,1480,15.4,Above Normal,7.3,0,CHIRPS Simulated Data
Nandi,2002,1776.9,1480,20.1,Above Normal,1.1,0,CHIRPS Simulated Data
Nandi,2003,1265.4,1480,-14.5,Moderate Drought,7.3,2,CHIRPS Simulated Data
Nandi,2004,1408.9,1480,-4.8,Mild Drought,0.0,1,CHIRPS Simulated Data
Nandi,2005,1697.8,1480,14.7,Normal,5.9,0,CHIRPS Simulated Data
Nandi,2006,1666.8,1480,12.6,Normal,1.4,1,CHIRPS Simulated Data
Nandi,2007,1894.5,1480,28.0,Above Normal,0.0,1,CHIRPS Simulated Data
Nandi,2008,1226.4,1480,-17.1,Moderate Drought,1.0,2,CHIRPS Simulated Data
Nandi,2009,1433.3,1480,-3.2,Mild Drought,0.0,1,CHIRPS Simulated Data
Nandi,2010,1460.3,1480,-1.3,Mild Drought,4.7,1,CHIRPS Simulated Data
Nandi,2011,1253.4,1480,-15.3,Moderate Drought,5.7,2,CHIRPS Simulated Data
Nandi,2012,1550.4,1480,4.8,Normal,3.7,0,CHIRPS Simulated Data
Nandi,2013,1253.2,1480,-15.3,Moderate Drought,0.0,3,CHIRPS Simulated Data
Nandi,2014,1730.7,1480,16.9,Above Normal,3.4,1,CHIRPS Simulated Data
Nandi,2015,1378.0,1480,-6.9,Mild Drought,0.0,2,CHIRPS Simulated Data
Nandi,2016,1303.5,1480,-11.9,Moderate Drought,0.0,2,CHIRPS Simulated Data
Nandi,2017,1578.4,1480,6.6,Normal,9.6,0,CHIRPS Simulated Data
Nandi,2018,1655.2,1480,11.8,Normal,0.0,1,CHIRPS Simulated Data
Nandi,2019,1327.6,1480,-10.3,Moderate Drought,0.0,2,CHIRPS Simulated Data
Nandi,2020,1820.6,1480,23.0,Above Normal,0.0,0,CHIRPS Simulated Data
Nandi,2021,1572.7,1480,6.3,Normal,0.0,0,CHIRPS Simulated Data
Nandi,2022,1649.4,1480,11.4,Normal,0.0,0,CHIRPS Simulated Data
Nandi,2023,1800.3,1480,21.6,Above Normal,9.4,1,CHIRPS Simulated Data
Nandi,2024,1321.0,1480,-10.7,Moderate Drought,0.0,2,CHIRPS Simulated Data
Baringo,1991,611.1,680,-10.1,Moderate Drought,0.0,2,CHIRPS Simulated Data
Baringo,1992,724.9,680,6.6,Normal,3.0,0,CHIRPS Simulated Data
Baringo,1993,519.3,680,-23.6,Moderate Drought,9.3,3,CHIRPS Simulated Data
Baringo,1994,748.7,680,10.1,Normal,4.1,1,CHIRPS Simulated Data
Baringo,1995,626.3,680,-7.9,Mild Drought,0.0,2,CHIRPS Simulated Data
Baringo,1996,820.6,680,20.7,Above Normal,9.0,0,CHIRPS Simulated Data
Baringo,1997,576.1,680,-15.3,Moderate Drought,8.9,3,CHIRPS Simulated Data
Baringo,1998,832.9,680,22.5,Above Normal,0.0,1,CHIRPS Simulated Data
Baringo,1999,772.3,680,13.6,Normal,3.6,0,CHIRPS Simulated Data
Baringo,2000,533.8,680,-21.5,Moderate Drought,1.6,3,CHIRPS Simulated Data
Baringo,2001,689.6,680,1.4,Normal,9.2,0,CHIRPS Simulated Data
Baringo,2002,830.5,680,22.1,Above Normal,0.0,1,CHIRPS Simulated Data
Baringo,2003,882.6,680,29.8,Above Normal,0.0,0,CHIRPS Simulated Data
Baringo,2004,691.6,680,1.7,Normal,0.0,1,CHIRPS Simulated Data
Baringo,2005,866.9,680,27.5,Above Normal,0.0,0,CHIRPS Simulated Data
Baringo,2006,697.2,680,2.5,Normal,4.5,0,CHIRPS Simulated Data
Baringo,2007,755.9,680,11.2,Normal,2.3,1,CHIRPS Simulated Data
Baringo,2008,632.6,680,-7.0,Mild Drought,4.3,1,CHIRPS Simulated Data
Baringo,2009,619.4,680,-8.9,Mild Drought,7.5,2,CHIRPS Simulated Data
Baringo,2010,553.8,680,-18.6,Moderate Drought,0.0,3,CHIRPS Simulated Data
Baringo,2011,650.2,680,-4.4,Mild Drought,0.0,1,CHIRPS Simulated Data
Baringo,2012,722.0,680,6.2,Normal,4.7,1,CHIRPS Simulated Data
Baringo,2013,803.8,680,18.2,Above Normal,0.0,1,CHIRPS Simulated Data
Baringo,2014,868.2,680,27.7,Above Normal,6.1,1,CHIRPS Simulated Data
Baringo,2015,906.5,680,33.3,Above Normal,0.9,0,CHIRPS Simulated Data
Baringo,2016,791.7,680,16.4,Above Normal,4.9,1,CHIRPS Simulated Data
Baringo,2017,758.8,680,11.6,Normal,0.0,0,CHIRPS Simulated Data
Baringo,2018,912.0,680,34.1,Above Normal,1.7,1,CHIRPS Simulated Data
Baringo,2019,668.8,680,-1.6,Mild Drought,0.0,1,CHIRPS Simulated Data
Baringo,2020,822.0,680,20.9,Above Normal,5.8,0,CHIRPS Simulated Data
Baringo,2021,811.2,680,19.3,Above Normal,0.0,1,CHIRPS Simulated Data
Baringo,2022,736.7,680,8.3,Normal,0.0,1,CHIRPS Simulated Data
Baringo,2023,934.4,680,37.4,Above Normal,0.0,1,CHIRPS Simulated Data
Baringo,2024,689.9,680,1.5,Normal,0.0,0,CHIRPS Simulated Data
Kakamega,1991,1693.0,1880,-9.9,Mild Drought,0.0,1,CHIRPS Simulated Data
Kakamega,1992,1879.1,1880,-0.0,Normal,8.5,0,CHIRPS Simulated Data
Kakamega,1993,2145.6,1880,14.1,Normal,0.0,1,CHIRPS Simulated Data
Kakamega,1994,1674.5,1880,-10.9,Moderate Drought,0.0,2,CHIRPS Simulated Data
Kakamega,1995,1499.9,1880,-20.2,Moderate Drought,0.0,3,CHIRPS Simulated Data
Kakamega,1996,2283.6,1880,21.5,Above Normal,6.3,1,CHIRPS Simulated Data
Kakamega,1997,1550.1,1880,-17.5,Moderate Drought,0.0,2,CHIRPS Simulated Data
Kakamega,1998,1691.0,1880,-10.1,Moderate Drought,0.3,2,CHIRPS Simulated Data
Kakamega,1999,1801.3,1880,-4.2,Mild Drought,0.0,1,CHIRPS Simulated Data
Kakamega,2000,2229.4,1880,18.6,Above Normal,0.0,1,CHIRPS Simulated Data
Kakamega,2001,2397.9,1880,27.5,Above Normal,0.0,0,CHIRPS Simulated Data
Kakamega,2002,1968.2,1880,4.7,Normal,8.8,1,CHIRPS Simulated Data
Kakamega,2003,1578.7,1880,-16.0,Moderate Drought,0.0,3,CHIRPS Simulated Data
Kakamega,2004,1980.9,1880,5.4,Normal,0.0,1,CHIRPS Simulated Data
Kakamega,2005,2160.9,1880,14.9,Normal,6.8,1,CHIRPS Simulated Data
Kakamega,2006,2240.3,1880,19.2,Above Normal,0.0,1,CHIRPS Simulated Data
Kakamega,2007,1660.6,1880,-11.7,Moderate Drought,3.5,2,CHIRPS Simulated Data
Kakamega,2008,2202.5,1880,17.2,Above Normal,0.0,0,CHIRPS Simulated Data
Kakamega,2009,1678.1,1880,-10.7,Moderate Drought,0.0,2,CHIRPS Simulated Data
Kakamega,2010,2257.9,1880,20.1,Above Normal,0.3,0,CHIRPS Simulated Data
Kakamega,2011,1607.6,1880,-14.5,Moderate Drought,0.0,2,CHIRPS Simulated Data
Kakamega,2012,2436.2,1880,29.6,Above Normal,0.0,0,CHIRPS Simulated Data
Kakamega,2013,1641.8,1880,-12.7,Moderate Drought,0.0,2,CHIRPS Simulated Data
Kakamega,2014,2163.6,1880,15.1,Above Normal,0.0,0,CHIRPS Simulated Data
Kakamega,2015,1948.2,1880,3.6,Normal,0.0,0,CHIRPS Simulated Data
Kakamega,2016,2543.5,1880,35.3,Above Normal,2.3,1,CHIRPS Simulated Data
Kakamega,2017,1988.1,1880,5.7,Normal,0.0,1,CHIRPS Simulated Data
Kakamega,2018,2287.6,1880,21.7,Above Normal,4.1,0,CHIRPS Simulated Data
Kakamega,2019,2090.7,1880,11.2,Normal,0.0,1,CHIRPS Simulated Data
Kakamega,2020,2235.9,1880,18.9,Above Normal,0.7,0,CHIRPS Simulated Data
Kakamega,2021,2216.8,1880,17.9,Above Normal,0.0,0,CHIRPS Simulated Data
Kakamega,2022,1735.8,1880,-7.7,Mild Drought,3.8,1,CHIRPS Simulated Data
Kakamega,2023,2006.0,1880,6.7,Normal,7.9,0,CHIRPS Simulated Data
Kakamega,2024,2136.5,1880,13.6,Normal,0.0,0,CHIRPS Simulated Data
Vihiga,1991,2269.8,1980,14.6,Normal,0.0,0,CHIRPS Simulated Data
Vihiga,1992,2048.2,1980,3.4,Normal,2.6,1,CHIRPS Simulated Data
Vihiga,1993,1749.6,1980,-11.6,Moderate Drought,0.0,2,CHIRPS Simulated Data
Vihiga,1994,2039.5,1980,3.0,Normal,6.7,1,CHIRPS Simulated Data
Vihiga,1995,2357.0,1980,19.0,Above Normal,0.0,0,CHIRPS Simulated Data
Vihiga,1996,2314.0,1980,16.9,Above Normal,0.0,0,CHIRPS Simulated Data
Vihiga,1997,2387.4,1980,20.6,Above Normal,7.7,0,CHIRPS Simulated Data
Vihiga,1998,1603.6,1980,-19.0,Moderate Drought,0.0,3,CHIRPS Simulated Data
Vihiga,1999,2453.8,1980,23.9,Above Normal,0.0,0,CHIRPS Simulated Data
Vihiga,2000,2438.3,1980,23.1,Above Normal,0.0,1,CHIRPS Simulated Data
Vihiga,2001,2541.1,1980,28.3,Above Normal,0.0,1,CHIRPS Simulated Data
Vihiga,2002,1626.9,1980,-17.8,Moderate Drought,0.0,3,CHIRPS Simulated Data
Vihiga,2003,2006.0,1980,1.3,Normal,9.9,1,CHIRPS Simulated Data
Vihiga,2004,1896.7,1980,-4.2,Mild Drought,0.0,1,CHIRPS Simulated Data
Vihiga,2005,1957.6,1980,-1.1,Mild Drought,0.0,1,CHIRPS Simulated Data
Vihiga,2006,2061.3,1980,4.1,Normal,4.5,1,CHIRPS Simulated Data
Vihiga,2007,2326.6,1980,17.5,Above Normal,0.0,0,CHIRPS Simulated Data
Vihiga,2008,2285.6,1980,15.4,Above Normal,0.0,0,CHIRPS Simulated Data
Vihiga,2009,2445.7,1980,23.5,Above Normal,5.5,1,CHIRPS Simulated Data
Vihiga,2010,1668.7,1980,-15.7,Moderate Drought,5.3,3,CHIRPS Simulated Data
Vihiga,2011,2439.9,1980,23.2,Above Normal,5.0,1,CHIRPS Simulated Data
Vihiga,2012,2165.6,1980,9.4,Normal,0.0,1,CHIRPS Simulated Data
Vihiga,2013,2284.0,1980,15.4,Above Normal,4.9,0,CHIRPS Simulated Data
Vihiga,2014,1832.4,1980,-7.5,Mild Drought,7.8,2,CHIRPS Simulated Data
Vihiga,2015,2613.0,1980,32.0,Above Normal,5.2,1,CHIRPS Simulated Data
Vihiga,2016,2345.9,1980,18.5,Above Normal,7.8,1,CHIRPS Simulated Data
Vihiga,2017,2330.6,1980,17.7,Above Normal,0.0,0,CHIRPS Simulated Data
Vihiga,2018,2431.2,1980,22.8,Above Normal,0.0,0,CHIRPS Simulated Data
Vihiga,2019,1996.8,1980,0.8,Normal,0.0,0,CHIRPS Simulated Data
Vihiga,2020,2126.7,1980,7.4,Normal,8.2,1,CHIRPS Simulated Data
Vihiga,2021,1871.6,1980,-5.5,Mild Drought,0.0,1,CHIRPS Simulated Data
Vihiga,2022,2095.1,1980,5.8,Normal,6.4,1,CHIRPS Simulated Data
Vihiga,2023,2564.3,1980,29.5,Above Normal,0.0,1,CHIRPS Simulated Data
Vihiga,2024,1976.9,1980,-0.2,Mild Drought,8.8,1,CHIRPS Simulated Data
Bungoma,1991,1350.1,1480,-8.8,Mild Drought,0.0,1,CHIRPS Simulated Data
Bungoma,1992,1630.5,1480,10.2,Normal,0.0,1,CHIRPS Simulated Data
Bungoma,1993,1316.3,1480,-11.1,Moderate Drought,3.2,2,CHIRPS Simulated Data
Bungoma,1994,1706.0,1480,15.3,Above Normal,5.2,0,CHIRPS Simulated Data
Bungoma,1995,1194.2,1480,-19.3,Moderate Drought,4.0,3,CHIRPS Simulated Data
Bungoma,1996,1458.5,1480,-1.5,Mild Drought,0.0,0,CHIRPS Simulated Data
Bungoma,1997,1162.2,1480,-21.5,Moderate Drought,7.6,3,CHIRPS Simulated Data
Bungoma,1998,1565.1,1480,5.7,Normal,0.0,1,CHIRPS Simulated Data
Bungoma,1999,1392.2,1480,-5.9,Mild Drought,8.0,2,CHIRPS Simulated Data
Bungoma,2000,1399.3,1480,-5.5,Mild Drought,8.0,2,CHIRPS Simulated Data
Bungoma,2001,1789.6,1480,20.9,Above Normal,6.9,0,CHIRPS Simulated Data
Bungoma,2002,1604.4,1480,8.4,Normal,0.0,0,CHIRPS Simulated Data
Bungoma,2003,1937.9,1480,30.9,Above Normal,0.0,1,CHIRPS Simulated Data
Bungoma,2004,1795.7,1480,21.3,Above Normal,7.2,1,CHIRPS Simulated Data
Bungoma,2005,1360.9,1480,-8.0,Mild Drought,0.0,1,CHIRPS Simulated Data
Bungoma,2006,1278.6,1480,-13.6,Moderate Drought,0.0,2,CHIRPS Simulated Data
Bungoma,2007,1798.1,1480,21.5,Above Normal,1.3,0,CHIRPS Simulated Data
Bungoma,2008,1702.6,1480,15.0,Above Normal,0.0,0,CHIRPS Simulated Data
Bungoma,2009,1796.3,1480,21.4,Above Normal,2.5,1,CHIRPS Simulated Data
Bungoma,2010,1225.4,1480,-17.2,Moderate Drought,6.7,3,CHIRPS Simulated Data
Bungoma,2011,1649.1,1480,11.4,Normal,2.5,1,CHIRPS Simulated Data
Bungoma,2012,1674.1,1480,13.1,Normal,1.6,1,CHIRPS Simulated Data
Bungoma,2013,1816.9,1480,22.8,Above Normal,0.0,1,CHIRPS Simulated Data
Bungoma,2014,1526.6,1480,3.1,Normal,0.0,1,CHIRPS Simulated Data
Bungoma,2015,1969.4,1480,33.1,Above Normal,8.6,0,CHIRPS Simulated Data
Bungoma,2016,1650.5,1480,11.5,Normal,0.0,1,CHIRPS Simulated Data
Bungoma,2017,2027.0,1480,37.0,Above Normal,3.0,1,CHIRPS Simulated Data
Bungoma,2018,1816.2,1480,22.7,Above Normal,1.9,0,CHIRPS Simulated Data
Bungoma,2019,1608.5,1480,8.7,Normal,3.5,1,CHIRPS Simulated Data
Bungoma,2020,1546.9,1480,4.5,Normal,8.8,0,CHIRPS Simulated Data
Bungoma,2021,1657.9,1480,12.0,Normal,3.8,1,CHIRPS Simulated Data
Bungoma,2022,1787.2,1480,20.8,Above Normal,0.0,0,CHIRPS Simulated Data
Bungoma,2023,1782.9,1480,20.5,Above Normal,2.0,0,CHIRPS Simulated Data
Bungoma,2024,1847.2,1480,24.8,Above Normal,0.0,1,CHIRPS Simulated Data
Busia,1991,1846.5,1580,16.9,Above Normal,0.0,0,CHIRPS Simulated Data
Busia,1992,1807.7,1580,14.4,Normal,2.2,1,CHIRPS Simulated Data
Busia,1993,1861.9,1580,17.8,Above Normal,6.1,1,CHIRPS Simulated Data
Busia,1994,1627.7,1580,3.0,Normal,0.0,0,CHIRPS Simulated Data
Busia,1995,1327.3,1580,-16.0,Moderate Drought,1.4,2,CHIRPS Simulated Data
Busia,1996,1951.1,1580,23.5,Above Normal,1.7,1,CHIRPS Simulated Data
Busia,1997,1500.6,1580,-5.0,Mild Drought,0.0,1,CHIRPS Simulated Data
Busia,1998,1562.0,1580,-1.1,Mild Drought,0.0,1,CHIRPS Simulated Data
Busia,1999,1941.2,1580,22.9,Above Normal,7.7,1,CHIRPS Simulated Data
Busia,2000,1400.5,1580,-11.4,Moderate Drought,7.3,2,CHIRPS Simulated Data
Busia,2001,1394.0,1580,-11.8,Moderate Drought,4.7,2,CHIRPS Simulated Data
Busia,2002,1899.1,1580,20.2,Above Normal,10.0,0,CHIRPS Simulated Data
Busia,2003,1984.8,1580,25.6,Above Normal,2.5,1,CHIRPS Simulated Data
Busia,2004,1633.1,1580,3.4,Normal,6.9,0,CHIRPS Simulated Data
Busia,2005,1531.1,1580,-3.1,Mild Drought,0.0,1,CHIRPS Simulated Data
Busia,2006,1940.2,1580,22.8,Above Normal,7.1,1,CHIRPS Simulated Data
Busia,2007,1332.4,1580,-15.7,Moderate Drought,0.0,2,CHIRPS Simulated Data
Busia,2008,1443.4,1580,-8.6,Mild Drought,0.0,2,CHIRPS Simulated Data
Busia,2009,1497.8,1580,-5.2,Mild Drought,0.0,1,CHIRPS Simulated Data
Busia,2010,1400.3,1580,-11.4,Moderate Drought,9.5,2,CHIRPS Simulated Data
Busia,2011,2105.5,1580,33.3,Above Normal,0.0,0,CHIRPS Simulated Data
Busia,2012,1968.2,1580,24.6,Above Normal,0.0,0,CHIRPS Simulated Data
Busia,2013,1489.1,1580,-5.8,Mild Drought,0.0,1,CHIRPS Simulated Data
Busia,2014,1600.5,1580,1.3,Normal,3.5,0,CHIRPS Simulated Data
Busia,2015,1481.0,1580,-6.3,Mild Drought,6.2,1,CHIRPS Simulated Data
Busia,2016,1601.3,1580,1.3,Normal,7.3,0,CHIRPS Simulated Data
Busia,2017,1380.4,1580,-12.6,Moderate Drought,0.0,2,CHIRPS Simulated Data
Busia,2018,1806.1,1580,14.3,Normal,6.1,0,CHIRPS Simulated Data
Busia,2019,1827.9,1580,15.7,Above Normal,0.1,0,CHIRPS Simulated Data
Busia,2020,1872.6,1580,18.5,Above Normal,0.0,0,CHIRPS Simulated Data
Busia,2021,1400.0,1580,-11.4,Moderate Drought,0.0,2,CHIRPS Simulated Data
Busia,2022,2062.2,1580,30.5,Above Normal,0.0,0,CHIRPS Simulated Data
Busia,2023,1745.2,1580,10.5,Normal,4.5,1,CHIRPS Simulated Data
Busia,2024,1938.1,1580,22.7,Above Normal,5.6,1,CHIRPS Simulated Data
Siaya,1991,1251.6,1380,-9.3,Mild Drought,0.8,2,CHIRPS Simulated Data
Siaya,1992,1724.6,1380,25.0,Above Normal,7.8,0,CHIRPS Simulated Data
Siaya,1993,1179.0,1380,-14.6,Moderate Drought,0.0,3,CHIRPS Simulated Data
Siaya,1994,1391.4,1380,0.8,Normal,0.0,1,CHIRPS Simulated Data
Siaya,1995,1304.9,1380,-5.4,Mild Drought,7.2,1,CHIRPS Simulated Data
Siaya,1996,1286.7,1380,-6.8,Mild Drought,0.0,2,CHIRPS Simulated Data
Siaya,1997,1148.9,1380,-16.7,Moderate Drought,0.0,3,CHIRPS Simulated Data
Siaya,1998,1188.5,1380,-13.9,Moderate Drought,1.3,2,CHIRPS Simulated Data
Siaya,1999,1416.8,1380,2.7,Normal,2.9,0,CHIRPS Simulated Data
Siaya,2000,1467.3,1380,6.3,Normal,0.0,1,CHIRPS Simulated Data
Siaya,2001,1177.7,1380,-14.7,Moderate Drought,1.4,2,CHIRPS Simulated Data
Siaya,2002,1281.3,1380,-7.2,Mild Drought,0.0,1,CHIRPS Simulated Data
Siaya,2003,1681.8,1380,21.9,Above Normal,0.0,1,CHIRPS Simulated Data
Siaya,2004,1792.9,1380,29.9,Above Normal,1.4,0,CHIRPS Simulated Data
Siaya,2005,1365.9,1380,-1.0,Mild Drought,6.0,0,CHIRPS Simulated Data
Siaya,2006,1160.7,1380,-15.9,Moderate Drought,1.1,3,CHIRPS Simulated Data
Siaya,2007,1685.6,1380,22.1,Above Normal,0.0,1,CHIRPS Simulated Data
Siaya,2008,1267.9,1380,-8.1,Mild Drought,0.0,2,CHIRPS Simulated Data
Siaya,2009,1294.2,1380,-6.2,Mild Drought,0.0,1,CHIRPS Simulated Data
Siaya,2010,1760.1,1380,27.5,Above Normal,5.9,1,CHIRPS Simulated Data
Siaya,2011,1676.9,1380,21.5,Above Normal,0.0,0,CHIRPS Simulated Data
Siaya,2012,1384.6,1380,0.3,Normal,0.0,0,CHIRPS Simulated Data
Siaya,2013,1817.3,1380,31.7,Above Normal,0.0,0,CHIRPS Simulated Data
Siaya,2014,1286.6,1380,-6.8,Mild Drought,0.0,2,CHIRPS Simulated Data
Siaya,2015,1488.3,1380,7.8,Normal,0.0,1,CHIRPS Simulated Data
Siaya,2016,1255.8,1380,-9.0,Mild Drought,0.0,2,CHIRPS Simulated Data
Siaya,2017,1597.3,1380,15.7,Above Normal,10.0,1,CHIRPS Simulated Data
Siaya,2018,1451.0,1380,5.1,Normal,6.6,0,CHIRPS Simulated Data
Siaya,2019,1174.3,1380,-14.9,Moderate Drought,0.0,2,CHIRPS Simulated Data
Siaya,2020,1548.2,1380,12.2,Normal,2.3,1,CHIRPS Simulated Data
Siaya,2021,1553.2,1380,12.6,Normal,0.0,0,CHIRPS Simulated Data
Siaya,2022,1190.4,1380,-13.7,Moderate Drought,1.0,2,CHIRPS Simulated Data
Siaya,2023,1820.6,1380,31.9,Above Normal,0.0,0,CHIRPS Simulated Data
Siaya,2024,1522.4,1380,10.3,Normal,0.0,0,CHIRPS Simulated Data
Kisii,1991,1979.9,1780,11.2,Normal,0.0,1,CHIRPS Simulated Data
Kisii,1992,1591.5,1780,-10.6,Moderate Drought,0.0,2,CHIRPS Simulated Data
Kisii,1993,2064.7,1780,16.0,Above Normal,0.0,1,CHIRPS Simulated Data
Kisii,1994,1464.0,1780,-17.8,Moderate Drought,5.4,2,CHIRPS Simulated Data
Kisii,1995,1968.9,1780,10.6,Normal,1.3,1,CHIRPS Simulated Data
Kisii,1996,1713.3,1780,-3.7,Mild Drought,0.0,0,CHIRPS Simulated Data
Kisii,1997,2120.6,1780,19.1,Above Normal,0.5,1,CHIRPS Simulated Data
Kisii,1998,1586.9,1780,-10.8,Moderate Drought,0.0,1,CHIRPS Simulated Data
Kisii,1999,2260.8,1780,27.0,Above Normal,3.4,1,CHIRPS Simulated Data
Kisii,2000,1627.9,1780,-8.5,Mild Drought,2.2,2,CHIRPS Simulated Data
Kisii,2001,1682.3,1780,-5.5,Mild Drought,7.0,2,CHIRPS Simulated Data
Kisii,2002,2215.9,1780,24.5,Above Normal,4.8,0,CHIRPS Simulated Data
Kisii,2003,1661.7,1780,-6.6,Mild Drought,9.3,1,CHIRPS Simulated Data
Kisii,2004,2074.8,1780,16.6,Above Normal,4.1,1,CHIRPS Simulated Data
Kisii,2005,2340.3,1780,31.5,Above Normal,0.0,0,CHIRPS Simulated Data
Kisii,2006,1489.6,1780,-16.3,Moderate Drought,0.0,2,CHIRPS Simulated Data
Kisii,2007,1745.6,1780,-1.9,Mild Drought,6.7,1,CHIRPS Simulated Data
Kisii,2008,1602.3,1780,-10.0,Mild Drought,0.0,2,CHIRPS Simulated Data
Kisii,2009,1490.1,1780,-16.3,Moderate Drought,0.0,2,CHIRPS Simulated Data
Kisii,2010,2006.5,1780,12.7,Normal,0.0,1,CHIRPS Simulated Data
Kisii,2011,1871.2,1780,5.1,Normal,0.0,0,CHIRPS Simulated Data
Kisii,2012,1901.5,1780,6.8,Normal,3.2,1,CHIRPS Simulated Data
Kisii,2013,2182.5,1780,22.6,Above Normal,1.6,1,CHIRPS Simulated Data
Kisii,2014,2252.2,1780,26.5,Above Normal,5.2,0,CHIRPS Simulated Data
Kisii,2015,1469.9,1780,-17.4,Moderate Drought,0.0,3,CHIRPS Simulated Data
Kisii,2016,1871.1,1780,5.1,Normal,0.0,1,CHIRPS Simulated Data
Kisii,2017,2353.8,1780,32.2,Above Normal,8.2,0,CHIRPS Simulated Data
Kisii,2018,2160.6,1780,21.4,Above Normal,0.0,0,CHIRPS Simulated Data
Kisii,2019,1667.2,1780,-6.3,Mild Drought,0.0,1,CHIRPS Simulated Data
Kisii,2020,2315.2,1780,30.1,Above Normal,0.0,1,CHIRPS Simulated Data
Kisii,2021,2025.0,1780,13.8,Normal,0.0,0,CHIRPS Simulated Data
Kisii,2022,1800.6,1780,1.2,Normal,1.9,0,CHIRPS Simulated Data
Kisii,2023,1670.9,1780,-6.1,Mild Drought,0.0,1,CHIRPS Simulated Data
Kisii,2024,2420.4,1780,36.0,Above Normal,0.0,1,CHIRPS Simulated Data
Nyamira,1991,1813.3,1680,7.9,Normal,8.6,1,CHIRPS Simulated Data
Nyamira,1992,1742.9,1680,3.7,Normal,3.1,1,CHIRPS Simulated Data
Nyamira,1993,1608.4,1680,-4.3,Mild Drought,0.0,1,CHIRPS Simulated Data
Nyamira,1994,1977.8,1680,17.7,Above Normal,6.0,0,CHIRPS Simulated Data
Nyamira,1995,1772.5,1680,5.5,Normal,0.0,0,CHIRPS Simulated Data
Nyamira,1996,2125.4,1680,26.5,Above Normal,0.0,0,CHIRPS Simulated Data
Nyamira,1997,1801.9,1680,7.3,Normal,4.8,0,CHIRPS Simulated Data
Nyamira,1998,1864.1,1680,11.0,Normal,0.7,0,CHIRPS Simulated Data
Nyamira,1999,1449.9,1680,-13.7,Moderate Drought,1.4,2,CHIRPS Simulated Data
Nyamira,2000,2121.9,1680,26.3,Above Normal,6.4,1,CHIRPS Simulated Data
Nyamira,2001,1537.2,1680,-8.5,Mild Drought,9.4,1,CHIRPS Simulated Data
Nyamira,2002,1620.2,1680,-3.6,Mild Drought,0.0,1,CHIRPS Simulated Data
Nyamira,2003,1929.7,1680,14.9,Normal,0.0,0,CHIRPS Simulated Data
Nyamira,2004,1868.1,1680,11.2,Normal,0.0,1,CHIRPS Simulated Data
Nyamira,2005,1649.2,1680,-1.8,Mild Drought,6.5,1,CHIRPS Simulated Data
Nyamira,2006,1760.6,1680,4.8,Normal,0.0,0,CHIRPS Simulated Data
Nyamira,2007,2060.8,1680,22.7,Above Normal,0.0,0,CHIRPS Simulated Data
Nyamira,2008,1421.7,1680,-15.4,Moderate Drought,0.0,2,CHIRPS Simulated Data
Nyamira,2009,2107.9,1680,25.5,Above Normal,0.0,0,CHIRPS Simulated Data
Nyamira,2010,2086.4,1680,24.2,Above Normal,6.5,0,CHIRPS Simulated Data
Nyamira,2011,1777.3,1680,5.8,Normal,0.0,1,CHIRPS Simulated Data
Nyamira,2012,1473.9,1680,-12.3,Moderate Drought,8.7,2,CHIRPS Simulated Data
Nyamira,2013,1856.7,1680,10.5,Normal,0.0,0,CHIRPS Simulated Data
Nyamira,2014,1749.9,1680,4.2,Normal,0.0,1,CHIRPS Simulated Data
Nyamira,2015,2275.0,1680,35.4,Above Normal,1.3,1,CHIRPS Simulated Data
Nyamira,2016,1449.2,1680,-13.7,Moderate Drought,0.0,2,CHIRPS Simulated Data
Nyamira,2017,1959.3,1680,16.6,Above Normal,8.8,1,CHIRPS Simulated Data
Nyamira,2018,1467.6,1680,-12.6,Moderate Drought,0.0,2,CHIRPS Simulated Data
Nyamira,2019,1777.7,1680,5.8,Normal,6.7,1,CHIRPS Simulated Data
Nyamira,2020,1979.7,1680,17.8,Above Normal,0.0,0,CHIRPS Simulated Data
Nyamira,2021,1510.8,1680,-10.1,Moderate Drought,0.0,2,CHIRPS Simulated Data
Nyamira,2022,2054.3,1680,22.3,Above Normal,3.2,0,CHIRPS Simulated Data
Nyamira,2023,1795.8,1680,6.9,Normal,0.0,0,CHIRPS Simulated Data
Nyamira,2024,2213.0,1680,31.7,Above Normal,0.0,0,CHIRPS Simulated Data
Migori,1991,1234.5,1480,-16.6,Moderate Drought,7.6,3,CHIRPS Simulated Data
Migori,1992,1286.3,1480,-13.1,Moderate Drought,0.0,2,CHIRPS Simulated Data
Migori,1993,1833.6,1480,23.9,Above Normal,0.0,1,CHIRPS Simulated Data
Migori,1994,1823.0,1480,23.2,Above Normal,8.3,1,CHIRPS Simulated Data
Migori,1995,1601.3,1480,8.2,Normal,0.0,1,CHIRPS Simulated Data
Migori,1996,1533.2,1480,3.6,Normal,3.6,0,CHIRPS Simulated Data
Migori,1997,1690.9,1480,14.3,Normal,6.5,0,CHIRPS Simulated Data
Migori,1998,1774.7,1480,19.9,Above Normal,0.8,1,CHIRPS Simulated Data
Migori,1999,1474.9,1480,-0.3,Mild Drought,0.0,1,CHIRPS Simulated Data
Migori,2000,1342.5,1480,-9.3,Mild Drought,6.9,2,CHIRPS Simulated Data
Migori,2001,1550.0,1480,4.7,Normal,0.0,1,CHIRPS Simulated Data
Migori,2002,1410.1,1480,-4.7,Mild Drought,0.0,1,CHIRPS Simulated Data
Migori,2003,1168.2,1480,-21.1,Moderate Drought,9.6,4,CHIRPS Simulated Data
Migori,2004,1475.3,1480,-0.3,Mild Drought,4.6,0,CHIRPS Simulated Data
Migori,2005,1696.6,1480,14.6,Normal,6.1,1,CHIRPS Simulated Data
Migori,2006,1490.5,1480,0.7,Normal,5.7,0,CHIRPS Simulated Data
Migori,2007,1960.8,1480,32.5,Above Normal,0.0,1,CHIRPS Simulated Data
Migori,2008,1706.7,1480,15.3,Above Normal,3.8,0,CHIRPS Simulated Data
Migori,2009,1934.4,1480,30.7,Above Normal,0.0,1,CHIRPS Simulated Data
Migori,2010,1371.7,1480,-7.3,Mild Drought,0.0,1,CHIRPS Simulated Data
Migori,2011,1532.2,1480,3.5,Normal,0.0,0,CHIRPS Simulated Data
Migori,2012,1538.7,1480,4.0,Normal,5.1,1,CHIRPS Simulated Data
Migori,2013,1275.4,1480,-13.8,Moderate Drought,0.0,2,CHIRPS Simulated Data
Migori,2014,1225.5,1480,-17.2,Moderate Drought,3.2,3,CHIRPS Simulated Data
Migori,2015,1348.8,1480,-8.9,Mild Drought,0.0,1,CHIRPS Simulated Data
Migori,2016,1900.6,1480,28.4,Above Normal,9.5,0,CHIRPS Simulated Data
Migori,2017,1414.5,1480,-4.4,Mild Drought,7.4,1,CHIRPS Simulated Data
Migori,2018,1573.9,1480,6.3,Normal,0.0,0,CHIRPS Simulated Data
Migori,2019,1706.6,1480,15.3,Above Normal,0.0,0,CHIRPS Simulated Data
Migori,2020,1720.4,1480,16.2,Above Normal,0.0,1,CHIRPS Simulated Data
Migori,2021,1497.2,1480,1.2,Normal,0.0,1,CHIRPS Simulated Data
Migori,2022,1578.4,1480,6.6,Normal,9.5,1,CHIRPS Simulated Data
Migori,2023,1481.8,1480,0.1,Normal,4.2,0,CHIRPS Simulated Data
Migori,2024,2014.0,1480,36.1,Above Normal,0.0,1,CHIRPS Simulated Data
Homa Bay,1991,914.8,1180,-22.5,Moderate Drought,0.0,4,CHIRPS Simulated Data
Homa Bay,1992,1365.8,1180,15.7,Above Normal,0.0,0,CHIRPS Simulated Data
Homa Bay,1993,1378.1,1180,16.8,Above Normal,8.6,0,CHIRPS Simulated Data
Homa Bay,1994,1164.3,1180,-1.3,Mild Drought,0.0,1,CHIRPS Simulated Data
Homa Bay,1995,949.2,1180,-19.6,Moderate Drought,0.0,3,CHIRPS Simulated Data
Homa Bay,1996,933.6,1180,-20.9,Moderate Drought,0.0,3,CHIRPS Simulated Data
Homa Bay,1997,1108.3,1180,-6.1,Mild Drought,0.0,1,CHIRPS Simulated Data
Homa Bay,1998,1007.7,1180,-14.6,Moderate Drought,1.4,3,CHIRPS Simulated Data
Homa Bay,1999,1376.2,1180,16.6,Above Normal,0.0,0,CHIRPS Simulated Data
Homa Bay,2000,1080.8,1180,-8.4,Mild Drought,0.0,1,CHIRPS Simulated Data
Homa Bay,2001,1337.5,1180,13.3,Normal,0.0,0,CHIRPS Simulated Data
Homa Bay,2002,1165.3,1180,-1.2,Mild Drought,3.9,0,CHIRPS Simulated Data
Homa Bay,2003,1324.1,1180,12.2,Normal,0.0,1,CHIRPS Simulated Data
Homa Bay,2004,1487.0,1180,26.0,Above Normal,0.0,0,CHIRPS Simulated Data
Homa Bay,2005,1190.8,1180,0.9,Normal,0.0,1,CHIRPS Simulated Data
Homa Bay,2006,1454.7,1180,23.3,Above Normal,3.5,1,CHIRPS Simulated Data
Homa Bay,2007,1190.9,1180,0.9,Normal,0.0,1,CHIRPS Simulated Data
Homa Bay,2008,1172.3,1180,-0.7,Mild Drought,3.4,0,CHIRPS Simulated Data
Homa Bay,2009,1000.1,1180,-15.2,Moderate Drought,9.8,2,CHIRPS Simulated Data
Homa Bay,2010,1579.7,1180,33.9,Above Normal,9.6,1,CHIRPS Simulated Data
Homa Bay,2011,1376.0,1180,16.6,Above Normal,1.6,1,CHIRPS Simulated Data
Homa Bay,2012,1144.5,1180,-3.0,Mild Drought,0.0,1,CHIRPS Simulated Data
Homa Bay,2013,1226.8,1180,4.0,Normal,0.0,0,CHIRPS Simulated Data
Homa Bay,2014,1329.9,1180,12.7,Normal,7.0,0,CHIRPS Simulated Data
Homa Bay,2015,1574.2,1180,33.4,Above Normal,3.8,1,CHIRPS Simulated Data
Homa Bay,2016,1334.5,1180,13.1,Normal,5.6,0,CHIRPS Simulated Data
Homa Bay,2017,1510.1,1180,28.0,Above Normal,0.0,1,CHIRPS Simulated Data
Homa Bay,2018,1629.0,1180,38.1,Above Normal,0.0,0,CHIRPS Simulated Data
Homa Bay,2019,1486.3,1180,26.0,Above Normal,0.0,1,CHIRPS Simulated Data
Homa Bay,2020,1055.4,1180,-10.6,Moderate Drought,0.0,2,CHIRPS Simulated Data
Homa Bay,2021,1436.5,1180,21.7,Above Normal,7.0,0,CHIRPS Simulated Data
Homa Bay,2022,1443.4,1180,22.3,Above Normal,1.9,1,CHIRPS Simulated Data
Homa Bay,2023,1452.5,1180,23.1,Above Normal,1.5,0,CHIRPS Simulated Data
Homa Bay,2024,1186.1,1180,0.5,Normal,5.4,0,CHIRPS Simulated Data
Kericho,1991,1841.6,1680,9.6,Normal,0.0,1,CHIRPS Simulated Data
Kericho,1992,1895.1,1680,12.8,Normal,0.0,0,CHIRPS Simulated Data
Kericho,1993,1381.0,1680,-17.8,Moderate Drought,2.1,3,CHIRPS Simulated Data
Kericho,1994,1313.4,1680,-21.8,Moderate Drought,4.7,3,CHIRPS Simulated Data
Kericho,1995,1688.6,1680,0.5,Normal,8.6,0,CHIRPS Simulated Data
Kericho,1996,1683.9,1680,0.2,Normal,0.0,0,CHIRPS Simulated Data
Kericho,1997,1512.7,1680,-10.0,Mild Drought,0.0,2,CHIRPS Simulated Data
Kericho,1998,1663.5,1680,-1.0,Mild Drought,1.0,0,CHIRPS Simulated Data
Kericho,1999,1556.9,1680,-7.3,Mild Drought,3.3,2,CHIRPS Simulated Data
Kericho,2000,1349.2,1680,-19.7,Moderate Drought,7.8,3,CHIRPS Simulated Data
Kericho,2001,1803.0,1680,7.3,Normal,0.0,0,CHIRPS Simulated Data
Kericho,2002,1394.3,1680,-17.0,Moderate Drought,2.0,2,CHIRPS Simulated Data
Kericho,2003,2128.0,1680,26.7,Above Normal,0.0,0,CHIRPS Simulated Data
Kericho,2004,1957.1,1680,16.5,Above Normal,0.0,1,CHIRPS Simulated Data
Kericho,2005,1949.6,1680,16.0,Above Normal,8.0,1,CHIRPS Simulated Data
Kericho,2006,1937.8,1680,15.3,Above Normal,3.6,1,CHIRPS Simulated Data
Kericho,2007,1605.0,1680,-4.5,Mild Drought,0.0,1,CHIRPS Simulated Data
Kericho,2008,1541.2,1680,-8.3,Mild Drought,3.2,2,CHIRPS Simulated Data
Kericho,2009,1885.1,1680,12.2,Normal,0.0,1,CHIRPS Simulated Data
Kericho,2010,1648.2,1680,-1.9,Mild Drought,3.3,1,CHIRPS Simulated Data
Kericho,2011,1671.7,1680,-0.5,Mild Drought,0.0,0,CHIRPS Simulated Data
Kericho,2012,2123.0,1680,26.4,Above Normal,8.4,1,CHIRPS Simulated Data
Kericho,2013,1465.4,1680,-12.8,Moderate Drought,0.0,2,CHIRPS Simulated Data
Kericho,2014,2091.2,1680,24.5,Above Normal,0.0,0,CHIRPS Simulated Data
Kericho,2015,2036.6,1680,21.2,Above Normal,0.0,0,CHIRPS Simulated Data
Kericho,2016,1397.9,1680,-16.8,Moderate Drought,0.8,3,CHIRPS Simulated Data
Kericho,2017,2279.1,1680,35.7,Above Normal,1.3,1,CHIRPS Simulated Data
Kericho,2018,1475.2,1680,-12.2,Moderate Drought,1.0,2,CHIRPS Simulated Data
Kericho,2019,1968.2,1680,17.2,Above Normal,0.0,0,CHIRPS Simulated Data
Kericho,2020,1495.2,1680,-11.0,Moderate Drought,0.0,1,CHIRPS Simulated Data
Kericho,2021,1577.6,1680,-6.1,Mild Drought,9.7,1,CHIRPS Simulated Data
Kericho,2022,1918.4,1680,14.2,Normal,7.5,1,CHIRPS Simulated Data
Kericho,2023,1973.4,1680,17.5,Above Normal,6.3,0,CHIRPS Simulated Data
Kericho,2024,1717.0,1680,2.2,Normal,0.0,1,CHIRPS Simulated Data
Bomet,1991,1614.8,1480,9.1,Normal,0.0,0,CHIRPS Simulated Data
Bomet,1992,1584.3,1480,7.0,Normal,0.0,1,CHIRPS Simulated Data
Bomet,1993,1636.1,1480,10.5,Normal,4.0,1,CHIRPS Simulated Data
Bomet,1994,1777.0,1480,20.1,Above Normal,0.0,1,CHIRPS Simulated Data
Bomet,1995,1593.3,1480,7.7,Normal,0.0,0,CHIRPS Simulated Data
Bomet,1996,1347.0,1480,-9.0,Mild Drought,0.0,2,CHIRPS Simulated Data
Bomet,1997,1780.7,1480,20.3,Above Normal,0.0,0,CHIRPS Simulated Data
Bomet,1998,1874.0,1480,26.6,Above Normal,0.0,0,CHIRPS Simulated Data
Bomet,1999,1592.7,1480,7.6,Normal,0.8,0,CHIRPS Simulated Data
Bomet,2000,1193.7,1480,-19.3,Moderate Drought,0.0,3,CHIRPS Simulated Data
Bomet,2001,1573.3,1480,6.3,Normal,0.0,1,CHIRPS Simulated Data
Bomet,2002,1792.4,1480,21.1,Above Normal,0.0,0,CHIRPS Simulated Data
Bomet,2003,1697.9,1480,14.7,Normal,0.0,0,CHIRPS Simulated Data
Bomet,2004,1645.4,1480,11.2,Normal,8.0,1,CHIRPS Simulated Data
Bomet,2005,1627.8,1480,10.0,Normal,4.6,0,CHIRPS Simulated Data
Bomet,2006,1679.4,1480,13.5,Normal,0.0,0,CHIRPS Simulated Data
Bomet,2007,1733.6,1480,17.1,Above Normal,1.1,0,CHIRPS Simulated Data
Bomet,2008,1905.7,1480,28.8,Above Normal,0.0,0,CHIRPS Simulated Data
Bomet,2009,1235.0,1480,-16.6,Moderate Drought,5.3,3,CHIRPS Simulated Data
Bomet,2010,1458.2,1480,-1.5,Mild Drought,3.5,1,CHIRPS Simulated Data
Bomet,2011,1803.2,1480,21.8,Above Normal,0.0,0,CHIRPS Simulated Data
Bomet,2012,1953.0,1480,32.0,Above Normal,0.0,0,CHIRPS Simulated Data
Bomet,2013,1678.3,1480,13.4,Normal,9.4,0,CHIRPS Simulated Data
Bomet,2014,1262.3,1480,-14.7,Moderate Drought,0.0,2,CHIRPS Simulated Data
Bomet,2015,1347.9,1480,-8.9,Mild Drought,3.2,2,CHIRPS Simulated Data
Bomet,2016,1588.7,1480,7.3,Normal,0.0,0,CHIRPS Simulated Data
Bomet,2017,1319.5,1480,-10.8,Moderate Drought,7.7,2,CHIRPS Simulated Data
Bomet,2018,1547.4,1480,4.6,Normal,3.2,0,CHIRPS Simulated Data
Bomet,2019,1767.7,1480,19.4,Above Normal,0.0,1,CHIRPS Simulated Data
Bomet,2020,2015.5,1480,36.2,Above Normal,3.0,1,CHIRPS Simulated Data
Bomet,2021,1368.7,1480,-7.5,Mild Drought,0.0,2,CHIRPS Simulated Data
Bomet,2022,1731.5,1480,17.0,Above Normal,0.0,0,CHIRPS Simulated Data
Bomet,2023,1357.9,1480,-8.2,Mild Drought,0.0,1,CHIRPS Simulated Data
Bomet,2024,1871.7,1480,26.5,Above Normal,0.0,0,CHIRPS Simulated Data
Narok,1991,800.4,780,2.6,Normal,1.9,1,CHIRPS Simulated Data
Narok,1992,813.3,780,4.3,Normal,0.0,1,CHIRPS Simulated Data
Narok,1993,802.1,780,2.8,Normal,0.0,1,CHIRPS Simulated Data
Narok,1994,950.4,780,21.8,Above Normal,0.0,0,CHIRPS Simulated Data
Narok,1995,651.2,780,-16.5,Moderate Drought,0.0,2,CHIRPS Simulated Data
Narok,1996,833.7,780,6.9,Normal,0.0,1,CHIRPS Simulated Data
Narok,1997,900.6,780,15.5,Above Normal,1.8,1,CHIRPS Simulated Data
Narok,1998,633.5,780,-18.8,Moderate Drought,0.0,3,CHIRPS Simulated Data
Narok,1999,937.2,780,20.2,Above Normal,5.7,0,CHIRPS Simulated Data
Narok,2000,986.2,780,26.4,Above Normal,0.0,1,CHIRPS Simulated Data
Narok,2001,1002.2,780,28.5,Above Normal,0.0,1,CHIRPS Simulated Data
Narok,2002,627.1,780,-19.6,Moderate Drought,0.0,3,CHIRPS Simulated Data
Narok,2003,850.4,780,9.0,Normal,8.7,1,CHIRPS Simulated Data
Narok,2004,812.9,780,4.2,Normal,6.2,1,CHIRPS Simulated Data
Narok,2005,626.8,780,-19.6,Moderate Drought,9.6,3,CHIRPS Simulated Data
Narok,2006,956.8,780,22.7,Above Normal,0.0,0,CHIRPS Simulated Data
Narok,2007,805.0,780,3.2,Normal,2.9,0,CHIRPS Simulated Data
Narok,2008,647.5,780,-17.0,Moderate Drought,2.0,3,CHIRPS Simulated Data
Narok,2009,787.3,780,0.9,Normal,0.0,0,CHIRPS Simulated Data
Narok,2010,649.8,780,-16.7,Moderate Drought,6.4,3,CHIRPS Simulated Data
Narok,2011,879.5,780,12.8,Normal,0.0,1,CHIRPS Simulated Data
Narok,2012,868.6,780,11.4,Normal,6.5,1,CHIRPS Simulated Data
Narok,2013,969.3,780,24.3,Above Normal,2.0,0,CHIRPS Simulated Data
Narok,2014,1046.8,780,34.2,Above Normal,0.9,1,CHIRPS Simulated Data
Narok,2015,735.4,780,-5.7,Mild Drought,2.5,1,CHIRPS Simulated Data
Narok,2016,722.8,780,-7.3,Mild Drought,0.0,2,CHIRPS Simulated Data
Narok,2017,974.7,780,25.0,Above Normal,0.5,0,CHIRPS Simulated Data
Narok,2018,936.2,780,20.0,Above Normal,0.0,0,CHIRPS Simulated Data
Narok,2019,721.4,780,-7.5,Mild Drought,0.0,1,CHIRPS Simulated Data
Narok,2020,821.2,780,5.3,Normal,0.0,0,CHIRPS Simulated Data
Narok,2021,878.7,780,12.7,Normal,0.0,0,CHIRPS Simulated Data
Narok,2022,1025.4,780,31.5,Above Normal,0.0,1,CHIRPS Simulated Data
Narok,2023,687.2,780,-11.9,Moderate Drought,0.0,2,CHIRPS Simulated Data
Narok,2024,912.1,780,16.9,Above Normal,7.6,1,CHIRPS Simulated Data
Kajiado,1991,590.3,480,23.0,Above Normal,0.0,0,CHIRPS Simulated Data
Kajiado,1992,372.1,480,-22.5,Moderate Drought,0.0,3,CHIRPS Simulated Data
Kajiado,1993,519.1,480,8.1,Normal,0.0,1,CHIRPS Simulated Data
Kajiado,1994,568.9,480,18.5,Above Normal,0.0,0,CHIRPS Simulated Data
Kajiado,1995,407.2,480,-15.2,Moderate Drought,0.0,2,CHIRPS Simulated Data
Kajiado,1996,494.1,480,2.9,Normal,0.0,0,CHIRPS Simulated Data
Kajiado,1997,611.8,480,27.5,Above Normal,3.7,1,CHIRPS Simulated Data
Kajiado,1998,405.3,480,-15.6,Moderate Drought,0.0,3,CHIRPS Simulated Data
Kajiado,1999,390.5,480,-18.6,Moderate Drought,0.0,3,CHIRPS Simulated Data
Kajiado,2000,532.5,480,10.9,Normal,0.0,0,CHIRPS Simulated Data
Kajiado,2001,478.1,480,-0.4,Mild Drought,0.0,0,CHIRPS Simulated Data
Kajiado,2002,420.2,480,-12.5,Moderate Drought,0.0,3,CHIRPS Simulated Data
Kajiado,2003,528.0,480,10.0,Normal,4.6,0,CHIRPS Simulated Data
Kajiado,2004,478.0,480,-0.4,Mild Drought,0.0,0,CHIRPS Simulated Data
Kajiado,2005,425.5,480,-11.4,Moderate Drought,5.9,2,CHIRPS Simulated Data
Kajiado,2006,520.7,480,8.5,Normal,0.0,1,CHIRPS Simulated Data
Kajiado,2007,401.6,480,-16.3,Moderate Drought,0.0,2,CHIRPS Simulated Data
Kajiado,2008,585.0,480,21.9,Above Normal,9.9,0,CHIRPS Simulated Data
Kajiado,2009,610.9,480,27.3,Above Normal,6.7,0,CHIRPS Simulated Data
Kajiado,2010,490.5,480,2.2,Normal,0.0,1,CHIRPS Simulated Data
Kajiado,2011,435.7,480,-9.2,Mild Drought,6.0,1,CHIRPS Simulated Data
Kajiado,2012,580.4,480,20.9,Above Normal,0.0,1,CHIRPS Simulated Data
Kajiado,2013,609.1,480,26.9,Above Normal,6.1,1,CHIRPS Simulated Data
Kajiado,2014,408.7,480,-14.9,Moderate Drought,3.8,2,CHIRPS Simulated Data
Kajiado,2015,503.9,480,5.0,Normal,1.0,0,CHIRPS Simulated Data
Kajiado,2016,533.2,480,11.1,Normal,10.0,0,CHIRPS Simulated Data
Kajiado,2017,576.4,480,20.1,Above Normal,0.0,0,CHIRPS Simulated Data
Kajiado,2018,441.1,480,-8.1,Mild Drought,9.0,2,CHIRPS Simulated Data
Kajiado,2019,642.4,480,33.8,Above Normal,9.9,0,CHIRPS Simulated Data
Kajiado,2020,497.0,480,3.5,Normal,3.4,0,CHIRPS Simulated Data
Kajiado,2021,515.7,480,7.4,Normal,0.0,1,CHIRPS Simulated Data
Kajiado,2022,559.9,480,16.6,Above Normal,0.0,0,CHIRPS Simulated Data
Kajiado,2023,555.9,480,15.8,Above Normal,1.4,0,CHIRPS Simulated Data
Kajiado,2024,609.2,480,26.9,Above Normal,0.0,0,CHIRPS Simulated Data
Machakos,1991,775.3,680,14.0,Normal,1.3,0,CHIRPS Simulated Data
Machakos,1992,749.3,680,10.2,Normal,1.4,1,CHIRPS Simulated Data
Machakos,1993,766.0,680,12.6,Normal,2.2,0,CHIRPS Simulated Data
Machakos,1994,561.9,680,-17.4,Moderate Drought,0.0,3,CHIRPS Simulated Data
Machakos,1995,725.2,680,6.6,Normal,0.3,0,CHIRPS Simulated Data
Machakos,1996,522.4,680,-23.2,Moderate Drought,0.0,3,CHIRPS Simulated Data
Machakos,1997,778.0,680,14.4,Normal,0.0,1,CHIRPS Simulated Data
Machakos,1998,853.3,680,25.5,Above Normal,0.0,0,CHIRPS Simulated Data
Machakos,1999,558.4,680,-17.9,Moderate Drought,2.5,3,CHIRPS Simulated Data
Machakos,2000,671.9,680,-1.2,Mild Drought,0.4,1,CHIRPS Simulated Data
Machakos,2001,599.8,680,-11.8,Moderate Drought,0.0,2,CHIRPS Simulated Data
Machakos,2002,737.3,680,8.4,Normal,7.8,1,CHIRPS Simulated Data
Machakos,2003,823.2,680,21.1,Above Normal,0.0,1,CHIRPS Simulated Data
Machakos,2004,863.1,680,26.9,Above Normal,1.5,0,CHIRPS Simulated Data
Machakos,2005,635.1,680,-6.6,Mild Drought,0.0,1,CHIRPS Simulated Data
Machakos,2006,651.0,680,-4.3,Mild Drought,1.1,1,CHIRPS Simulated Data
Machakos,2007,696.9,680,2.5,Normal,2.3,0,CHIRPS Simulated Data
Machakos,2008,576.6,680,-15.2,Moderate Drought,0.0,2,CHIRPS Simulated Data
Machakos,2009,624.7,680,-8.1,Mild Drought,0.0,1,CHIRPS Simulated Data
Machakos,2010,845.8,680,24.4,Above Normal,0.0,1,CHIRPS Simulated Data
Machakos,2011,796.4,680,17.1,Above Normal,6.0,1,CHIRPS Simulated Data
Machakos,2012,560.3,680,-17.6,Moderate Drought,0.0,3,CHIRPS Simulated Data
Machakos,2013,724.5,680,6.5,Normal,1.3,1,CHIRPS Simulated Data
Machakos,2014,809.0,680,19.0,Above Normal,8.7,1,CHIRPS Simulated Data
Machakos,2015,827.3,680,21.7,Above Normal,0.0,1,CHIRPS Simulated Data
Machakos,2016,579.4,680,-14.8,Moderate Drought,0.0,3,CHIRPS Simulated Data
Machakos,2017,659.2,680,-3.1,Mild Drought,0.0,1,CHIRPS Simulated Data
Machakos,2018,888.7,680,30.7,Above Normal,0.0,1,CHIRPS Simulated Data
Machakos,2019,657.5,680,-3.3,Mild Drought,5.2,1,CHIRPS Simulated Data
Machakos,2020,687.8,680,1.1,Normal,0.0,0,CHIRPS Simulated Data
Machakos,2021,943.1,680,38.7,Above Normal,3.0,1,CHIRPS Simulated Data
Machakos,2022,689.2,680,1.4,Normal,5.6,1,CHIRPS Simulated Data
Machakos,2023,840.5,680,23.6,Above Normal,9.3,0,CHIRPS Simulated Data
Machakos,2024,627.6,680,-7.7,Mild Drought,3.4,2,CHIRPS Simulated Data
Makueni,1991,601.8,580,3.8,Normal,0.0,1,CHIRPS Simulated Data
Makueni,1992,527.6,580,-9.0,Mild Drought,0.0,2,CHIRPS Simulated Data
Makueni,1993,656.3,580,13.2,Normal,0.0,0,CHIRPS Simulated Data
Makueni,1994,519.2,580,-10.5,Moderate Drought,0.0,2,CHIRPS Simulated Data
Makueni,1995,709.9,580,22.4,Above Normal,0.0,1,CHIRPS Simulated Data
Makueni,1996,709.0,580,22.2,Above Normal,7.0,0,CHIRPS Simulated Data
Makueni,1997,729.4,580,25.8,Above Normal,0.0,0,CHIRPS Simulated Data
Makueni,1998,465.8,580,-19.7,Moderate Drought,0.0,3,CHIRPS Simulated Data
Makueni,1999,523.3,580,-9.8,Mild Drought,0.0,2,CHIRPS Simulated Data
Makueni,2000,713.7,580,23.1,Above Normal,0.0,1,CHIRPS Simulated Data
Makueni,2001,710.9,580,22.6,Above Normal,5.3,0,CHIRPS Simulated Data
Makueni,2002,663.1,580,14.3,Normal,8.9,1,CHIRPS Simulated Data
Makueni,2003,556.7,580,-4.0,Mild Drought,0.0,1,CHIRPS Simulated Data
Makueni,2004,613.4,580,5.8,Normal,0.0,0,CHIRPS Simulated Data
Makueni,2005,705.1,580,21.6,Above Normal,7.3,0,CHIRPS Simulated Data
Makueni,2006,753.9,580,30.0,Above Normal,0.0,1,CHIRPS Simulated Data
Makueni,2007,694.8,580,19.8,Above Normal,6.3,1,CHIRPS Simulated Data
Makueni,2008,561.5,580,-3.2,Mild Drought,7.2,1,CHIRPS Simulated Data
Makueni,2009,685.5,580,18.2,Above Normal,4.9,1,CHIRPS Simulated Data
Makueni,2010,546.8,580,-5.7,Mild Drought,7.5,1,CHIRPS Simulated Data
Makueni,2011,486.6,580,-16.1,Moderate Drought,4.3,2,CHIRPS Simulated Data
Makueni,2012,738.5,580,27.3,Above Normal,0.0,0,CHIRPS Simulated Data
Makueni,2013,737.2,580,27.1,Above Normal,1.0,0,CHIRPS Simulated Data
Makueni,2014,703.2,580,21.2,Above Normal,0.3,1,CHIRPS Simulated Data
Makueni,2015,623.3,580,7.5,Normal,6.6,1,CHIRPS Simulated Data
Makueni,2016,704.8,580,21.5,Above Normal,0.0,1,CHIRPS Simulated Data
Makueni,2017,695.1,580,19.8,Above Normal,4.0,0,CHIRPS Simulated Data
Makueni,2018,764.5,580,31.8,Above Normal,4.6,0,CHIRPS Simulated Data
Makueni,2019,615.2,580,6.1,Normal,7.7,0,CHIRPS Simulated Data
Makueni,2020,796.6,580,37.3,Above Normal,3.6,1,CHIRPS Simulated Data
Makueni,2021,575.1,580,-0.8,Mild Drought,0.0,1,CHIRPS Simulated Data
Makueni,2022,586.2,580,1.1,Normal,5.5,0,CHIRPS Simulated Data
Makueni,2023,536.2,580,-7.6,Mild Drought,0.0,1,CHIRPS Simulated Data
Makueni,2024,812.7,580,40.1,Above Normal,0.0,0,CHIRPS Simulated Data
Kitui,1991,479.5,520,-7.8,Mild Drought,0.4,1,CHIRPS Simulated Data
Kitui,1992,621.3,520,19.5,Above Normal,0.1,1,CHIRPS Simulated Data
Kitui,1993,429.4,520,-17.4,Moderate Drought,9.6,2,CHIRPS Simulated Data
Kitui,1994,414.0,520,-20.4,Moderate Drought,3.2,3,CHIRPS Simulated Data
Kitui,1995,505.9,520,-2.7,Mild Drought,0.0,1,CHIRPS Simulated Data
Kitui,1996,449.7,520,-13.5,Moderate Drought,6.4,2,CHIRPS Simulated Data
Kitui,1997,510.9,520,-1.8,Mild Drought,0.0,0,CHIRPS Simulated Data
Kitui,1998,601.9,520,15.7,Above Normal,0.3,0,CHIRPS Simulated Data
Kitui,1999,562.4,520,8.2,Normal,9.9,0,CHIRPS Simulated Data
Kitui,2000,652.0,520,25.4,Above Normal,0.0,0,CHIRPS Simulated Data
Kitui,2001,460.8,520,-11.4,Moderate Drought,0.0,2,CHIRPS Simulated Data
Kitui,2002,407.2,520,-21.7,Moderate Drought,8.3,4,CHIRPS Simulated Data
Kitui,2003,611.0,520,17.5,Above Normal,0.0,0,CHIRPS Simulated Data
Kitui,2004,428.8,520,-17.5,Moderate Drought,4.4,3,CHIRPS Simulated Data
Kitui,2005,530.0,520,1.9,Normal,0.0,1,CHIRPS Simulated Data
Kitui,2006,509.5,520,-2.0,Mild Drought,0.0,1,CHIRPS Simulated Data
Kitui,2007,613.8,520,18.0,Above Normal,0.0,0,CHIRPS Simulated Data
Kitui,2008,692.6,520,33.2,Above Normal,0.0,0,CHIRPS Simulated Data
Kitui,2009,471.0,520,-9.4,Mild Drought,0.0,2,CHIRPS Simulated Data
Kitui,2010,644.1,520,23.9,Above Normal,0.0,0,CHIRPS Simulated Data
Kitui,2011,610.9,520,17.5,Above Normal,0.2,1,CHIRPS Simulated Data
Kitui,2012,666.8,520,28.2,Above Normal,0.0,1,CHIRPS Simulated Data
Kitui,2013,554.7,520,6.7,Normal,9.8,0,CHIRPS Simulated Data
Kitui,2014,706.1,520,35.8,Above Normal,5.2,0,CHIRPS Simulated Data
Kitui,2015,580.9,520,11.7,Normal,9.9,1,CHIRPS Simulated Data
Kitui,2016,456.8,520,-12.2,Moderate Drought,4.1,2,CHIRPS Simulated Data
Kitui,2017,432.6,520,-16.8,Moderate Drought,0.0,2,CHIRPS Simulated Data
Kitui,2018,668.0,520,28.5,Above Normal,0.0,1,CHIRPS Simulated Data
Kitui,2019,433.9,520,-16.6,Moderate Drought,0.0,2,CHIRPS Simulated Data
Kitui,2020,503.0,520,-3.3,Mild Drought,0.0,1,CHIRPS Simulated Data
Kitui,2021,598.6,520,15.1,Above Normal,0.0,0,CHIRPS Simulated Data
Kitui,2022,548.5,520,5.5,Normal,7.5,1,CHIRPS Simulated Data
Kitui,2023,584.5,520,12.4,Normal,0.0,0,CHIRPS Simulated Data
Kitui,2024,722.1,520,38.9,Above Normal,0.0,0,CHIRPS Simulated Data
